Main Daily Publisher,Main Daily Publisher ID,Main Daily Mobile App Bundle Code,os
10 News WTSP,5658,com-belo-id3072.app,android
10 News WTSP,5658,com.gannett.local.library.news.wtsp,android
10 News WTSP,5658,568148832,ios
11Alive,5665,461033172,ios
11Alive,5665,com.gannett.local.library.news.wxia,android
11Alive WX,5664,com.wxia.android.weather,android
12 News KPNX,5622,com-gannett-local-library-news-kpnx.app,android
12 News KPNX,5622,953992180,ios
12News Now - KBMT & K-JAC,5677,419611089,ios
12News Now - KBMT & K-JAC,5677,446226528,ios
13 WMAZ,5653,com.gannett.local.library.news.wmaz,android
13 WMAZ,5653,467460140,ios
1Weather PSM,6758,com-handmark-expressweather.app,android
1Weather PSM,6758,1044809694,ios
1Weather PSM,6758,com.onelouder.oneweather,android
2ndline_A9,6721,com.enflick.android.tn2ndLine,android
2ndline_A9,6721,com-enflick-android-tn2ndlini.app,android
2ndline_A9,6721,com.enflick.android.tn2ndLjzn,android
2ndline_A9,6721,com.enflick.android.tn2ndLioa,android
2ndline_A9,6721,com.enflick.android.tn2ndLioc,android
2ndline_A9,6721,com-enflick-android-tn2ndlinw.app,android
2ndline_A9,6721,com.enflick.android.tn2ndLipe,android
2ndline_A9,6721,com-enflick-android-tn2ndlinf.app,android
2ndline_A9,6721,com.enflick.android.tn2ndLiow,android
2ndline_A9,6721,com.enflick.android.tn2ndLjzk,android
2ndline_A9,6721,com-enflick-android-tn2ndlinv.app,android
2ndline_A9,6721,com.enflick.android.tn2ndLinz,android
2ndline_A9,6721,com.enflick.android.tn2ndLipr,android
2ndline_A9,6721,com.enflick.android.tn2ndLiog,android
2ndline_A9,6721,com.enflick.android.tn2ndLipl,android
2ndline_A9,6721,com.enflick.android.tn2ndLioj,android
2ndline_A9,6721,com.enflick.android.tn2ndLjzf,android
2ndline_A9,6721,com.enflick.android.tn2ndLinb,android
2ndline_A9,6721,com.enflick.android.tn2ndLjya,android
2ndline_A9,6721,com-enflick-android-tn2ndlinu.app,android
2ndline_A9,6721,com.enflick.android.tn2ndLint,android
2ndline_A9,6721,com.enflick.android.tn2ndLiuw,android
2ndline_A9,6721,com-enflick-android-tn2ndlinx.app,android
2ndline_A9,6721,com.enflick.android.tn2ndLind,android
2ndline_A9,6721,com-enflick-android-tn2ndling.app,android
2ndline_A9,6721,com-enflick-android-tn2ndlinh.app,android
2ndline_A9,6721,com.enflick.android.tn2ndLioo,android
2ndline_A9,6721,com.enflick.android.tn2ndLiok,android
2ndline_A9,6721,com.enflick.android.tn2ndLipj,android
2ndline_A9,6721,com.enflick.android.tn2ndLina,android
2ndline_A9,6721,com-enflick-android-tn2ndlinl.app,android
2ndline_A9,6721,com.enflick.android.tn2ndLjzj,android
2ndline_A9,6721,com.enflick.android.tn2ndLjzi,android
2ndline_A9,6721,com.enflick.android.tn2ndLioe,android
2ndline_A9,6721,com.enflick.android.tn2ndLioi,android
2ndline_A9,6721,com.enflick.android.tn2ndLipo,android
2ndline_A9,6721,com.enflick.android.tn2ndLiop,android
2ndline_A9,6721,com-enflick-android-tn2ndlink.app,android
2ndline_A9,6721,com.enflick.android.tn2ndLjzo,android
2ndline_A9,6721,com.enflick.android.tn2ndLiof,android
2ndline_A9,6721,com-enflick-android-tn2ndlinm.app,android
2ndline_A9,6721,com-enflick-android-tn2ndlins.app,android
2ndline_A9,6721,com.enflick.android.tn2ndLioy,android
2ndline_A9,6721,com.enflick.android.tn2ndLipp,android
2ndline_A9,6721,com.enflick.android.tn2ndLiny,android
2ndline_A9,6721,com-enflick-android-tn2ndlinq.app,android
2ndline_A9,6721,com.enflick.android.tn2ndLipg,android
2ndline_A9,6721,com.enflick.android.tn2ndLjzg,android
2ndline_A9,6721,com.enflick.android.tn2ndLioq,android
2ndline_A9,6721,com.enflick.android.tn2ndLinr,android
2ndline_A9,6721,com-enflick-android-tn2ndlinj.app,android
2ndline_A9,6721,com-enflick-android-tn2ndlinp.app,android
2ndline_A9,6721,com.enflick.android.tn2ndLiol,android
2ndline_A9,6721,com.enflick.android.tn2ndLinn,android
2ndline_A9,6721,com.enflick.android.tn2ndLiqd,android
2ndline_A9,6721,com.enflick.android.tn2ndLjzm,android
2ndline_A9,6721,com.enflick.android.tn2ndLipf,android
2ndline_A9,6721,com-enflick-android-tn2ndlino.app,android
2ndline_A9,6721,com.enflick.android.tn2ndLior,android
2ndline_A9,6721,com-enflick-android-tn2ndlinc.app,android
2ndline_A9,6721,com.enflick.android.tn2ndLion,android
2ndline_A9,6721,com.enflick.android.tn2ndLioz,android
365 Scores,5922,com.scores365,android
365 Scores,5922,571801488,ios
7 Minute Workout,6267,net.workoutinc.seven_7_minutes_workouts_challenge,android
9Gag,4870,com-9gag-ios-mobile.app,android
9Gag,4870,545551605,ios
9Gag,4870,com-ninegag-android-app.app,android
9Gag,4870,com.ninegag.android.car,android
9NEWS,5626,568147279,ios
9NEWS,5626,com.gannett.local.library.news.kusa,android
9NEWS WX,5632,com-kusa-android-weather.app,android
ABC10,5631,com-gannett-local-library-news-kxtv.app,android
ABC10,5631,469397853,ios
AL,4990,549484884,ios
AL,4990,419876008,ios
AL,4990,548295291,ios
Ab Workouts,6269,860332805,ios
Accuweather App,6873,300048137,ios
Accuweather App,6873,com.accuweather.amazon.android,android
Accuweather App,6873,com-accuweather-android.app,android
Associated Press,1218,mnn-android.app,android
Associated Press,1218,364677107,ios
Bacon Reader PSM,6757,com.example.kunal.newsapp,android
Bacon Reader PSM,6757,com.onelouder.baconreades,android
Bacon Reader PSM,6757,725730936,ios
Bacon Reader PSM,6757,com-onelouder-baconreader.app,android
Bloomberg,1066,281941097,ios
Bloomberg,1066,com.bloomberg.android.plus,android
Break,2416,com-breakapps-breakdotcom.app,android
Butt Workouts,6270,net.workoutinc.butt_exercises_workouts,android
Butt Workouts,6270,869170275,ios
CBS - EBDA,4915,530168168,ios
CBS - EBDA,4915,com.cbs.app,android
CBS - EBDA,4915,com.cbs.ott,android
CBS News - EBDA,4917,334256223,ios
CBS News - EBDA,4917,com.treemolabs.apps.cbsnews,android
CBS Sports - EBDA,4918,com.handmark.sportcaster,android
CBS Sports - EBDA,4918,com-handmark-sportcaster-samsung.app,android
CBS Sports - EBDA,4918,307184892,ios
CBS Sports - EBDA,4918,com.handmark.sportcaster.amazon,android
CNET - EBDA,4920,383989837,ios
CNET - EBDA,4920,com-treemolabs-apps-cnet.app,android
CNET - EBDA,4920,com.cbsinteractive.cnet,android
Call App Android,6705,com-callapp-contacts.app,android
Carousell,6329,com-thecarousell-carousell.app,android
Coco CDL,5989,com.coco.cdl,android
Coco DMV Permit Practice,5988,com.coco.dmv,android
Coco GED,5987,com.coco.ged,android
Daily Mail,376,uk.co.anmedia,android
Daily Mail,376,com.dailymail.online,android
Daily Mail,376,384101264,ios
Daily Mail,376,com.and.mailonline,android
Dictionary.com,2868,com-reference-dictionary-dictionary.app,android
Dictionary.com,2868,308750436,ios
Dictionary.com,2868,com.dictionary,android
ESi Media,2997,542140360,ios
ESi Media,2997,,android
ET Online - EBDA,4924,307544289,ios
Famous Birthdays,3899,com.famousbirthdays,android
Famous Birthdays,3899,646707938,ios
Fantasy Sports - EBDA,5061,com.cbs.sports.fantasy,android
Fantasy Sports - EBDA,5061,658308834,ios
Fichajes,5751,net.fichajes.mobile,android
Fichajes,5751,566521169,ios
First Coast News,5657,469738478,ios
First Coast News,5657,com.gannett.local.library.news.wtlv,android
Flipboard,3666,flipboard-boxer-internal.app,android
Flipboard,3666,flipboard-apq.app,android
Flipboard,3666,,android
Flipboard,3666,flipboard-app.app,android
Flipboard,3666,flipboard-boxer-debug.app,android
Flipboard,3666,flipboard-internal.app,android
Flipboard,3666,com.flipboard.flipboard-ipad,android
Flipboard,3666,flipboard.boxer.app,android
Flipboard,3666,flipboard-app-debug.app,android
Flipboard,3666,358801284,ios
Flipboard,3666,com.flipboard.flipboard-ipad-beta-push,android
Footmercato,5725,net.footmercato.mobile,android
Footmercato,5725,537919329,ios
Fussball Transfers,5740,net.fussballtransfers.mobile,android
Fussball Transfers,5740,587802106,ios
Fussball Transfers,5740,,android
Gala,5840,524329849,ios
Gala,5840,com-prismamedia-gala-fr.app,android
GasBuddy Organization Inc.,3690,com.gasbuddybeta.buddybuild,android
GasBuddy Organization Inc.,3690,gbis-gbandroid.app,android
GasBuddy Organization Inc.,3690,gbis-gbandroid-alpha.app,android
GasBuddy Organization Inc.,3690,406719683,ios
Girly Wallpapers & Backgrounds,6346,1108375300,ios
Girly Wallpapers & Backgrounds,6346,com.ticktockapps.android_girlywallpapers,android
Give Me Sport,2105,1271388300,ios
Golfweek,4421,699728318,ios
Gumtree AU,4596,com-ebay-gumtree-au.app,android
Hearst Television,5065,com.hearst.android.wpbf,android
Hearst Television,5065,com.hearst.android.wptz,android
Hearst Television,5065,505514957,ios
Hearst Television,5065,com.hearst.android.wgal,android
Hearst Television,5065,504646663,ios
Hearst Television,5065,506053781,ios
Hearst Television,5065,505500141,ios
Hearst Television,5065,com.hearst.android.wlwt,android
Hearst Television,5065,com.hearst.android.wxii,android
Hearst Television,5065,com.hearst.android.wlky,android
Hearst Television,5065,com.google.android.apps.magazines,android
Hearst Television,5065,506060763,ios
Hearst Television,5065,506071794,ios
Hearst Television,5065,com.hearst.android.kcci,android
Hearst Television,5065,com.hearst.android.wmtw,android
Hearst Television,5065,com.hearst.android.ketv,android
Hearst Television,5065,com.hearst.android.wesh,android
Hearst Television,5065,com.hearst.android.wtae,android
Hearst Television,5065,505978863,ios
Hearst Television,5065,com.hearst.android.wmur,android
Hearst Television,5065,com.newssynergy.wjclnews,android
Hearst Television,5065,com.hearst.android.koco,android
Hearst Television,5065,505215818,ios
Hearst Television,5065,505244949,ios
Hearst Television,5065,505581274,ios
Hearst Television,5065,com.hearst.android.koat,android
Hearst Television,5065,com.hearst.android.wbal,android
Hearst Television,5065,505246892,ios
Hearst Television,5065,505554182,ios
Hearst Television,5065,com.hearst.android.wyff,android
Hearst Television,5065,501410335,ios
Hearst Television,5065,com.hearst.android.wisn,android
Hearst Television,5065,505175161,ios
Hearst Television,5065,com.hearst.android.ksbw,android
Hearst Television,5065,com.hearst.android.wapt,android
Hearst Television,5065,505486083,ios
Hearst Television,5065,com.hearst.android.wcvb,android
Hearst Television,5065,505982816,ios
Hearst Television,5065,com.hearst.android.wvtm,android
Hearst Television,5065,505577798,ios
Hearst Television,5065,com.hearst.android.Four029TV,android
Hearst Television,5065,505254249,ios
Hearst Television,5065,com.hearst.android.kcra,android
Hearst Television,5065,505569365,ios
Hearst Television,5065,506139759,ios
Hearst Television,5065,505507641,ios
Hearst Television,5065,505481301,ios
Hearst Television,5065,com.hearst.android.wdsu,android
Hearst Television,5065,505232685,ios
High Intensity HIIT Workouts,6347,891535485,ios
IM League,6745,com.imleagues.ios.host.nd,android
IM League,6745,1402949583,ios
IM League,6745,1408348876,ios
IM League,6745,com.imleagues,android
IM League,6745,com-imleagues-android-ncsu.app,android
IM League,6745,com.imleagues.android.cui,android
IM League,6745,edu.ncsu.imleagues.wellrec,android
IM League,6745,1259009536,ios
KAGS News - College Station,5673,com-belo-id3197.app,android
KARE 11,5604,com-belo-id3057.app,android
KARE 11,5604,568147907,ios
KARE 11,5604,com.gannett.local.library.news.kare,android
KCEN 6,5680,com.mobdub.channel.KCEN,android
KCEN 6,5680,419606501,ios
KENS 5,5610,com.doapps.android.mln.MLN_dba9d977d835f194cef46def062fb44d,android
KENS 5,5610,408263139,ios
KGW News,5612,com.doapps.android.mln.MLN_8c5165635f296ffa679ce03e5d00682a,android
KGW News,5612,404245042,ios
KGW News,5612,439056028,ios
KHOU 11,5607,449671874,ios
KHOU 11,5607,408260229,ios
KHOU 11,5607,com-doapps-android-mln-mln-61930f86521c97f776f54356358d2dc2.app,android
KHOU 11,5607,com-khou-android-weather.app,android
KIDY FOX San Angelo,5679,com.tegna.id3258,android
KIII-TV 3News,5674,470527324,ios
KIII-TV 3News,5674,com-mobdub-channel-kiii.app,android
KING 5,5618,408263192,ios
KING 5,5618,com.doapps.android.mln.MLN_c0fddd289b98a85ca53e9a912581ad71,android
KREM 2 News,5615,409474974,ios
KREM 2 News,5615,com.doapps.android.mln.MLN_a72e630ce5853b2999df15430211b144,android
KSDK 5,5616,568136681,ios
KSDK 5,5616,com-belo-id3059.app,android
KSDK 5,5616,com.gannett.local.library.news.ksdk,android
KTHV Little Rock,6191,com.kthv.android.weather,android
KTHV Little Rock,6191,396659191,ios
KTVB,5624,401142659,ios
KTVB,5624,com.doapps.android.mln.MLN_dcef0f44a0df1e66efd449f37cf9fe01,android
KUSA Denver,6193,com-kusa-android-weather.app,android
KUSA Denver,6193,376413715,ios
KUSA Denver,6193,com-belo-id3061.app,android
KVUE NEWS,5628,408263295,ios
KVUE NEWS,5628,502879578,ios
KVUE NEWS,5628,com-doapps-android-mln-mln-fe2e3fed98c6cc5a521f2d6764a1046e.app,android
KWES,6776,com-mobdub-channel-kwes.app,android
KWES,6776,1453204125,ios
KXTV Sacramento,6192,com.kxtv.android.weather,android
KXTV Sacramento,6192,376390360,ios
KYTX,5676,384290576,ios
KYTX,5676,380134475,ios
KYTX,5676,com-mobdub-channel-kytx.app,android
Last.fm - EBDA,4929,fm-last-android.app,android
MLB App,5582,com.bamnetworks.mobile.android.gameday.atbat,android
MLB App,5582,493619333,ios
MMA Junkie,813,876544448,ios
MMA Junkie,813,,android
MMA Junkie,813,com.uts.mmaj,android
Madvertise,4262,,android
Manga Master,6481,ai.medialab.manga,android
Manga Master,6481,ai.medialab.mangamaster,android
Marmiton,5686,318796083,ios
Marmiton,5686,com-aufeminin-marmiton-activities.app,android
Marmiton,5686,,android
MaxPreps - EBDA,4930,980665604,ios
MaxPreps - EBDA,4930,com.maxpreps.mpscoreboard,android
MaxPreps - EBDA,4930,com-maxpreps-mpscoreboard-debug.app,android
Meet Me,3471,com-myyearbook-n.app,android
Meet Me,3471,com.myyearbook.s,android
Meet Me,3471,com-myyearbook-q.app,android
Meet Me,3471,com.myyearbook.r,android
Meet Me,3471,372648912,ios
Meet Me,3471,com.myyearbook.p,android
Meet Me,3471,com.myyearbook.u,android
Meet Me,3471,com-myyearbook-myyearbook.app,android
Meet Me,3471,com.myyearbook.o,android
Meet Me,3471,com.myyearbook.m,android
Meet Me,3471,com-meetme-iphoneenterprise.app,android
Meet Me,3471,com.myyearbook.t,android
Merriam-Webster,2737,com-m-w-dictionary.app,android
Merriam-Webster,2737,com-merriamwebster-premium.app,android
Merriam-Webster,2737,399452287,ios
Merriam-Webster,2737,com.merriamwebster,android
Merriam-Webster,2737,com-merriamwebstes.app,android
MixerBox,6804,mb32u-music-player-free-download.app,android
My Fitness Pal,2538,341232718,ios
My Fitness Pal,2538,com.myfitnesspal.android,android
My Plate App,6282,502317923,ios
NJ,4989,419202474,ios
New Pub Test,69,com.tl.dfptest,android
New York Post,2827,com-pagesix-android.app,android
New York Post,2827,br-com-golmobile-nypost-dev.app,android
New York Post,2827,br-com-golmobile-nypost-stg.app,android
New York Post,2827,com.jfuchs.nypost.iphone,android
New York Post,2827,br.com.golmobile.nypost,android
New York Post,2827,com-nypost-iphone.app,android
New York Post,2827,com-nypost-iphone-enterprise.app,android
New York Post,2827,,android
New York Post,2827,410094240,ios
News 19 WX,5660,com.wltx.android.weather,android
News Day,4043,358571317,ios
News Day,4043,1110297965,ios
News Day,4043,com-pagesuite-newsday.app,android
News UK,3769,uk-co-thesun-mobile.app,android
News10 WX,5625,com.kxtv.android.weather,android
Newscenter Maine,5636,469737138,ios
Newscenter Maine,5636,com.gannett.local.library.news.wcsh,android
Nexstar Media Group,5787,641336500,ios
Nexstar Media Group,5787,540732783,ios
Nexstar Media Group,5787,com.whtm.android.weather,android
Nexstar Media Group,5787,425414520,ios
Nexstar Media Group,5787,com.newssynergy.rochesterhomepage,android
Nexstar Media Group,5787,com.linmedia.newstouch.wish,android
Nexstar Media Group,5787,com.newssynergy.pahompage,android
Nexstar Media Group,5787,com-wjtv-android-weather.app,android
Nexstar Media Group,5787,498027030,ios
Nexstar Media Group,5787,com.newssynergy.wetm,android
Nexstar Media Group,5787,com.doapps.android.mln.MLN_d47268e9db2e9aa3827bba3afb7ff94a,android
Nexstar Media Group,5787,com-kxrm-android-weather.app,android
Nexstar Media Group,5787,641350507,ios
Nexstar Media Group,5787,com.nexstar.id3548,android
Nexstar Media Group,5787,com.linmedia.newstouch.khon,android
Nexstar Media Group,5787,com-baron-wowk-wowkstormtracker13.app,android
Nexstar Media Group,5787,tv.nexstar.id3534,android
Nexstar Media Group,5787,com-newssynergy-ktvx.app,android
Nexstar Media Group,5787,com.newssynergy.klrt,android
Nexstar Media Group,5787,564352071,ios
Nexstar Media Group,5787,564357057,ios
Nexstar Media Group,5787,488537620,ios
Nexstar Media Group,5787,488539287,ios
Nexstar Media Group,5787,365771353,ios
Nexstar Media Group,5787,com.linmedia.newstouch.wkbn,android
Nexstar Media Group,5787,com-newssynergy-virginiafirst.app,android
Nexstar Media Group,5787,com-nexstar-id3551.app,android
Nexstar Media Group,5787,com.linmedia.newstouch.wane,android
Nexstar Media Group,5787,com-newssynergy-hogville.app,android
Nexstar Media Group,5787,com.nexstar.id3549,android
Nexstar Media Group,5787,com.newssynergy.tristateonthego,android
Nexstar Media Group,5787,497780687,ios
Nexstar Media Group,5787,com.nexstar.id3545,android
Nexstar Media Group,5787,498022792,ios
Nexstar Media Group,5787,com.newssynergy.kget,android
Nexstar Media Group,5787,511297956,ios
Nexstar Media Group,5787,com.linmedia.newstouch.wdtn,android
Nexstar Media Group,5787,458361133,ios
Nexstar Media Group,5787,585373069,ios
Nexstar Media Group,5787,805618191,ios
Nexstar Media Group,5787,388954265,ios
Nexstar Media Group,5787,com-baron-wboy-wboystormtracker12.app,android
Nexstar Media Group,5787,com.wsls.android.weather,android
Nexstar Media Group,5787,com-wcbd-android-weather.app,android
Nexstar Media Group,5787,com-wnct-android-weather.app,android
Nexstar Media Group,5787,563884232,ios
Nexstar Media Group,5787,682040454,ios
Nexstar Media Group,5787,com.newssynergy.arkansasmatters,android
Nexstar Media Group,5787,453521345,ios
Nexstar Media Group,5787,585365724,ios
Nexstar Media Group,5787,com.wish.android.weather,android
Nexstar Media Group,5787,823820859,ios
Nexstar Media Group,5787,420981068,ios
Nexstar Media Group,5787,tv.nexstar.id3554new,android
Nexstar Media Group,5787,417457176,ios
Nexstar Media Group,5787,com.linmedia.newstouch.wavy,android
Nexstar Media Group,5787,com.doapps.android.mln.MLN_2d2ca7eedf739ef4c3800713ec482e1a,android
Nexstar Media Group,5787,tv.nexstar.id3552,android
Nexstar Media Group,5787,641347931,ios
Nexstar Media Group,5787,411762914,ios
Nexstar Media Group,5787,tv-nexstar-id3354.app,android
Nexstar Media Group,5787,com.nexstar.id3555,android
Nexstar Media Group,5787,com-wrbl-android-weather.app,android
Nexstar Media Group,5787,404006426,ios
Nexstar Media Group,5787,com.nexstar.id3544,android
Nexstar Media Group,5787,843502645,ios
Nexstar Media Group,5787,585377661,ios
Nexstar Media Group,5787,568526366,ios
Nexstar Media Group,5787,com-wsav-android-weather.app,android
Nexstar Media Group,5787,com.linmedia.newstouch.ksnw,android
Nexstar Media Group,5787,com.wmbb.android,android
Nexstar Media Group,5787,com-nexstar-id3569new.app,android
Nexstar Media Group,5787,com.linmedia.newstouch.krqe,android
Nexstar Media Group,5787,383181663,ios
Nexstar Media Group,5787,tv-nexstar-id3547.app,android
Nexstar Media Group,5787,643325314,ios
Nexstar Media Group,5787,641341150,ios
Nexstar Media Group,5787,tv-nexstar-id3522.app,android
Nexstar Media Group,5787,tv.nexstar.id3561,android
Nexstar Media Group,5787,560952787,ios
Nexstar Media Group,5787,935434517,ios
Nexstar Media Group,5787,com.nexstar.id3559,android
Nexstar Media Group,5787,955148119,ios
Nexstar Media Group,5787,648529642,ios
Nexstar Media Group,5787,com.linmedia.newstouch.wpri,android
Nexstar Media Group,5787,tv-nexstar-id3570new.app,android
Nexstar Media Group,5787,412964780,ios
Nexstar Media Group,5787,com-ksnw-android-baron-weather.app,android
Nexstar Media Group,5787,918668410,ios
Nexstar Media Group,5787,638924288,ios
Nexstar Media Group,5787,935440370,ios
Nexstar Media Group,5787,935417675,ios
Nexstar Media Group,5787,911514323,ios
Nexstar Media Group,5787,411759231,ios
Nexstar Media Group,5787,com-doapps-android-mln-mln-ae1eaa32d10b6c886981755d579fb4d8.app,android
Nexstar Media Group,5787,com-newssynergy-wsyrweather.app,android
Nexstar Media Group,5787,com.linmedia.newstouch.wivb,android
Nexstar Media Group,5787,638930553,ios
Nexstar Media Group,5787,411685184,ios
Nexstar Media Group,5787,com-koin2-android-weather.app,android
Nexstar Media Group,5787,683274369,ios
Nexstar Media Group,5787,570697535,ios
Nexstar Media Group,5787,380703612,ios
Nexstar Media Group,5787,tv.nexstar.id3547new,android
Nexstar Media Group,5787,472672814,ios
Nexstar Media Group,5787,com.wdtn.android.weather,android
Nexstar Media Group,5787,488222080,ios
Nexstar Media Group,5787,com.krqe.android.weather,android
Nexstar Media Group,5787,com-newssynergy-abc5woiweather.app,android
Nexstar Media Group,5787,540518235,ios
Nexstar Media Group,5787,tv-nexstar-id3542.app,android
Nexstar Media Group,5787,442770406,ios
Nexstar Media Group,5787,488522642,ios
Nexstar Media Group,5787,com.wten.weather,android
Nexstar Media Group,5787,com.nexstar.id3543,android
Nexstar Media Group,5787,523213092,ios
Nexstar Media Group,5787,tv.nexstar.id3556,android
Nexstar Media Group,5787,com.linmedia.newstouch.koin,android
Nexstar Media Group,5787,com.linmedia.newstouch.kxan,android
Nexstar Media Group,5787,546021203,ios
Nexstar Media Group,5787,com.doapps.android.mln.MLN_16026d60ff9b54410b3435b403afd226,android
Nexstar Media Group,5787,tv-nexstar-id3439.app,android
Nexstar Media Group,5787,com.wcmh.wx,android
Nexstar Media Group,5787,com-newssynergy-myarklamiss.app,android
Nexstar Media Group,5787,439776650,ios
Nexstar Media Group,5787,488539168,ios
Nexstar Media Group,5787,567655039,ios
Nexstar Media Group,5787,636823511,ios
Nexstar Media Group,5787,com-newssynergy-mystateline.app,android
Nexstar Media Group,5787,858760039,ios
Nexstar Media Group,5787,com.youngmedia.wlns,android
Nexstar Media Group,5787,488527284,ios
Nexstar Media Group,5787,com.baronservices.mobilemet.kelo,android
Nexstar Media Group,5787,com.nexstar.id3568,android
Nexstar Media Group,5787,399055571,ios
Nexstar Media Group,5787,com.linmedia.newstouch.ksnt,android
Nexstar Media Group,5787,397295844,ios
Nexstar Media Group,5787,365769123,ios
Nexstar Media Group,5787,394896224,ios
Nexstar Media Group,5787,419619698,ios
Nexstar Media Group,5787,641339003,ios
Nexstar Media Group,5787,com.linmedia.newstouch.wood,android
Nexstar Media Group,5787,com-nexstar-id3550.app,android
Nexstar Media Group,5787,tv.nexstar.id3531,android
Nexstar Media Group,5787,389665192,ios
Nexstar Media Group,5787,tv.nexstar.id3557,android
Nexstar Media Group,5787,488237027,ios
Nexstar Media Group,5787,398494424,ios
Nexstar Media Group,5787,590895070,ios
Nexstar Media Group,5787,412441075,ios
Nexstar Media Group,5787,tv-nexstar-id3532.app,android
Nexstar Media Group,5787,935412897,ios
Nexstar Media Group,5787,com.linmedia.newstouch.wtnh,android
Nexstar Media Group,5787,com.nexstar.id3558,android
Nexstar Media Group,5787,411526747,ios
Nexstar Media Group,5787,tv.nexstar.id3536,android
Nexstar Media Group,5787,585379948,ios
Nexstar Media Group,5787,com.wspa.android.weather,android
Nexstar Media Group,5787,411764669,ios
Nexstar Media Group,5787,541058174,ios
Nexstar Media Group,5787,389664108,ios
Nexstar Media Group,5787,496017327,ios
Nexstar Media Group,5787,com.newssynergy.wsyr,android
Nexstar Media Group,5787,523660712,ios
Nexstar Media Group,5787,488539385,ios
Nexstar Media Group,5787,com-wjbf-wx.app,android
Nexstar Media Group,5787,com.linmedia.newstouch.wwlp,android
Nexstar Media Group,5787,com.nexstar.id3542,android
Nexstar Media Group,5787,tv.nexstar.id3533,android
Nexstar Media Group,5787,com.nexstar.id3567new,android
Nexstar Media Group,5787,com-newssynergy-wearecentralpa.app,android
Nexstar Media Group,5787,tv-nexstar-id3568.app,android
Nexstar Media Group,5787,com.ksnt.android.weather,android
Nexstar Media Group,5787,665261821,ios
Nexstar Media Group,5787,438506974,ios
Nexstar Media Group,5787,com.wkrg.android.weather,android
Nexstar Media Group,5787,com-baron-wvns-wvnstormtracker59.app,android
Nexstar Media Group,5787,362326061,ios
Nexstar Media Group,5787,com-newssynergy-wmbbweather.app,android
Nexstar Media Group,5787,tv-nexstar-id3567.app,android
Nexstar Media Group,5787,488276218,ios
Nexstar Media Group,5787,com-wbtw-android-weather.app,android
Nexstar Media Group,5787,497773421,ios
Nexstar Media Group,5787,com.nexstar.id3546,android
Nexstar Media Group,5787,com-wate-weather.app,android
Nexstar Media Group,5787,533796437,ios
Nexstar Media Group,5787,935412230,ios
Nexstar Media Group,5787,365754010,ios
Nexstar Media Group,5787,935402347,ios
Nexstar Media Group,5787,799808099,ios
Nexstar Media Group,5787,488524387,ios
Nexstar Media Group,5787,tv-nexstar-id3554.app,android
Nexstar Media Group,5787,com.wfila.android.weather,android
Nexstar Media Group,5787,641341846,ios
Nexstar Media Group,5787,com-nexstar-id3562.app,android
Nexstar Media Group,5787,488525050,ios
Nexstar Media Group,5787,com-linmedia-newstouch-wiat.app,android
Nexstar Media Group,5787,com-newssynergy-dothanfirst.app,android
Nexstar Media Group,5787,com.wjhl.android.weather,android
Nexstar Media Group,5787,tv-nexstar-id3535.app,android
Nexstar Media Group,5787,com.youngmedia.klfy,android
Nexstar Media Group,5787,564358552,ios
Perfect365,6698,com-arcsoft-perfect365.app,android
Perfect365,6698,475976577,ios
Philly.com,3074,philly-com-sportsnow.app,android
Philly.com,3074,577251728,ios
Philly.com,3074,com.ap.philly,android
Philly.com,3074,970040558,ios
Podcast Addict,6480,com-bambuna-podcastaddict.app,android
Rain Rain,6694,com-timgostony-rainrain.app,android
Rain Rain,6694,478687481,ios
Retail Me Not,3659,com.whaleshark.retailmenot,android
Retail Me Not,3659,521207075,ios
Reuters,720,602660809,ios
Reuters,720,com.thomsonreuters.reuters,android
Reuters,720,com.google.android.apps.magazines,android
SEA Sports,5613,443533183,ios
Scout24,6670,com-autoscout24.app,android
Scout24,6670,,android
Simple Radio,6075,com.streema.simpleradio,android
Sinclair Broadcast Group,3111,com-cellit-cellitnews-wjar.app,android
Sinclair Broadcast Group,3111,433704911,ios
Sinclair Broadcast Group,3111,489852183,ios
Sinclair Broadcast Group,3111,632142354,ios
Sinclair Broadcast Group,3111,com-newssynergy-krnv.app,android
Sinclair Broadcast Group,3111,com-newssynergy-komo.app,android
Sinclair Broadcast Group,3111,com.wsbt.android.weather,android
Sinclair Broadcast Group,3111,720246274,ios
Sinclair Broadcast Group,3111,524204826,ios
Sinclair Broadcast Group,3111,com-cellit-cellitnews-wbff.app,android
Sinclair Broadcast Group,3111,com-wstm-android-weather.app,android
Sinclair Broadcast Group,3111,com.wgme.android.weather,android
Sinclair Broadcast Group,3111,487298870,ios
Sinclair Broadcast Group,3111,com-newssynergy-ksnv.app,android
Sinclair Broadcast Group,3111,com-mylocaltv-krcr.app,android
Sinclair Broadcast Group,3111,548805241,ios
Sinclair Broadcast Group,3111,com-mylocaltv-wcyb.app,android
Sinclair Broadcast Group,3111,com.newssynergy.komo.int,android
Sinclair Broadcast Group,3111,632632687,ios
Sinclair Broadcast Group,3111,com-wlos-android-weather.app,android
Sinclair Broadcast Group,3111,com-wear-android-weather.app,android
Sinclair Broadcast Group,3111,379141222,ios
Sinclair Broadcast Group,3111,666477829,ios
Sinclair Broadcast Group,3111,com-cellit-cellitnews-wgme.app,android
Sinclair Broadcast Group,3111,com.cellit.cellitnews.wkef,android
Sinclair Broadcast Group,3111,com-cellit-cellitnews-ktul.app,android
Sinclair Broadcast Group,3111,com-cellit-cellitnews-wztv.app,android
Sinclair Broadcast Group,3111,548806153,ios
Sinclair Broadcast Group,3111,488521733,ios
Sinclair Broadcast Group,3111,com-cellit-cellitnews-ktvl.app,android
Sinclair Broadcast Group,3111,com-cellit-cellitnews-wgxa.app,android
Sinclair Broadcast Group,3111,com-barringtontv-android-wpde.app,android
Sinclair Broadcast Group,3111,com-kmeg-android-weather.app,android
Sinclair Broadcast Group,3111,392330857,ios
Sinclair Broadcast Group,3111,com-kokh-android-weather.app,android
Sinclair Broadcast Group,3111,392354636,ios
Sinclair Broadcast Group,3111,548803920,ios
Sinclair Broadcast Group,3111,1107005896,ios
Sinclair Broadcast Group,3111,com-cellit-cellitnews-wicd.app,android
Sinclair Broadcast Group,3111,com.komo.android.weather,android
Sinclair Broadcast Group,3111,com-barringtontv-android-wach.app,android
Sinclair Broadcast Group,3111,524201041,ios
Sinclair Broadcast Group,3111,com.cellit.cellitnews.wrgt,android
Sinclair Broadcast Group,3111,com-cellit-cellitnews-wolf.app,android
Sinclair Broadcast Group,3111,com.cbcnmg.iapp.now.wcyb,android
Sinclair Broadcast Group,3111,com-cellit-cellitnews-klew.app,android
Sinclair Broadcast Group,3111,674743595,ios
Sinclair Broadcast Group,3111,,android
Sinclair Broadcast Group,3111,com-newssynergy-kboi.app,android
Sinclair Broadcast Group,3111,com-cellit-cellitnews-kfox.app,android
Sinclair Broadcast Group,3111,1082456574,ios
Sinclair Broadcast Group,3111,489850629,ios
Sinclair Broadcast Group,3111,1129426533,ios
Sinclair Broadcast Group,3111,523761331,ios
Sinclair Broadcast Group,3111,com-cellit-cellitnews-wkrc.app,android
Sinclair Broadcast Group,3111,com-cellit-cellitnews-keye.app,android
Sinclair Broadcast Group,3111,com-barringtontv-android-kvii.app,android
Sinclair Broadcast Group,3111,com.newssynergy.kval,android
Sinclair Broadcast Group,3111,com.cellit.cellitnews.kepr.qa,android
Sinclair Broadcast Group,3111,379142705,ios
Sinclair Broadcast Group,3111,com.wgxa.android.weather,android
Sinclair Broadcast Group,3111,1018955128,ios
Sinclair Broadcast Group,3111,com.katu.wx,android
Sinclair Broadcast Group,3111,com-cellit-cellitnews-kmtr.app,android
Sinclair Broadcast Group,3111,com-wkrc-android-weather.app,android
Sinclair Broadcast Group,3111,com-barringtontv-android-ktvo.app,android
Sinclair Broadcast Group,3111,674756566,ios
Sinclair Broadcast Group,3111,com-wcti-android-weather.app,android
Sinclair Broadcast Group,3111,com-cellit-cellitnews-kmeg.app,android
Sinclair Broadcast Group,3111,548807608,ios
Sinclair Broadcast Group,3111,com.mylocaltv.keci,android
Sinclair Broadcast Group,3111,523754244,ios
Sinclair Broadcast Group,3111,com-cellit-cellitnews-wciv.app,android
Sinclair Broadcast Group,3111,680822836,ios
Sinclair Broadcast Group,3111,379155058,ios
Sinclair Broadcast Group,3111,com-cellit-cellitnews-wpmi.app,android
Sinclair Broadcast Group,3111,379155254,ios
Sinclair Broadcast Group,3111,535842858,ios
Sinclair Broadcast Group,3111,com.barringtontv.android.wpbn,android
Sinclair Broadcast Group,3111,1219388082,ios
Sinclair Broadcast Group,3111,com.cellit.cellitnews.kdbc,android
Sinclair Broadcast Group,3111,com.cellit.cellitnews.kutv.debug,android
Sinclair Broadcast Group,3111,867511207,ios
Sinclair Broadcast Group,3111,com-cellit-cellitnews-woai.app,android
Sinclair Broadcast Group,3111,com-cellit-cellitnews-wics.app,android
Sinclair Broadcast Group,3111,com-mylocaltv-wsetwx.app,android
Sinclair Broadcast Group,3111,464151234,ios
Sinclair Broadcast Group,3111,379154098,ios
Sinclair Broadcast Group,3111,379147635,ios
Sinclair Broadcast Group,3111,com.barringtontv.ios.WPBN,android
Sinclair Broadcast Group,3111,com.cbcnmg.iapp.now.keci,android
Sinclair Broadcast Group,3111,com.keye.android.weather,android
Sinclair Broadcast Group,3111,com.mobdub.ktul.reader,android
Sinclair Broadcast Group,3111,com.wciv.android.weather,android
Sinclair Broadcast Group,3111,com-cellit-cellitnews-wham.app,android
Sinclair Broadcast Group,3111,524124300,ios
Sinclair Broadcast Group,3111,com.mylocaltv.katvwx,android
Sinclair Broadcast Group,3111,489182496,ios
Sinclair Broadcast Group,3111,com-keci-android-weather.app,android
Sinclair Broadcast Group,3111,com-mylocaltv-wcti.app,android
Sinclair Broadcast Group,3111,com-cellit-cellitnews-wwmt.app,android
Sinclair Broadcast Group,3111,com-newssynergy-katu.app,android
Sinclair Broadcast Group,3111,489851266,ios
Sinclair Broadcast Group,3111,com-cellit-cellitnews-kfdm.app,android
Sinclair Broadcast Group,3111,com.mobdub.katv.reader,android
Sinclair Broadcast Group,3111,com.wjar.android.weather,android
Sinclair Broadcast Group,3111,com-wsyx-android-weather.app,android
Sinclair Broadcast Group,3111,680849270,ios
Sinclair Broadcast Group,3111,1022872963,ios
Sinclair Broadcast Group,3111,com-cellit-cellitnews-wset.app,android
Sinclair Broadcast Group,3111,675101914,ios
Sinclair Broadcast Group,3111,928582786,ios
Sinclair Broadcast Group,3111,631600125,ios
Sinclair Broadcast Group,3111,com-barringtontv-android-khqa.app,android
Sinclair Broadcast Group,3111,548801623,ios
Sinclair Broadcast Group,3111,992468878,ios
Sinclair Broadcast Group,3111,379148750,ios
Sinclair Broadcast Group,3111,com-cellit-cellitnews-whp.app,android
Sinclair Broadcast Group,3111,com.mylocaltv.ktxs,android
Sinclair Broadcast Group,3111,com-barringtontv-android-wstm.app,android
Sinclair Broadcast Group,3111,com.tvalabama.android.weather,android
Sinclair Broadcast Group,3111,com-doapps-android-mln-mln-4b58f048a3aff4df5db305a0cdf5a273.app,android
Sinclair Broadcast Group,3111,433508161,ios
Sinclair Broadcast Group,3111,392332245,ios
Sinclair Broadcast Group,3111,396908145,ios
Sinclair Broadcast Group,3111,com-cellit-cellitnews-wpec.app,android
Sinclair Broadcast Group,3111,464147992,ios
Sinclair Broadcast Group,3111,com-allbritton-wjla-abc7news.app,android
Sinclair Broadcast Group,3111,486486627,ios
Sinclair Broadcast Group,3111,379146417,ios
Sinclair Broadcast Group,3111,com.woai.android.weather,android
Sinclair Broadcast Group,3111,523774051,ios
Sinclair Broadcast Group,3111,632159389,ios
Sinclair Broadcast Group,3111,com-cellit-cellitnews-wear.app,android
Sinclair Broadcast Group,3111,489853780,ios
Sinclair Broadcast Group,3111,433704842,ios
Sinclair Broadcast Group,3111,379145605,ios
Sinclair Broadcast Group,3111,com.cellit.cellitnews.kutv.qa,android
Sinclair Broadcast Group,3111,416558260,ios
Sinclair Broadcast Group,3111,523775450,ios
Sinclair Broadcast Group,3111,com.cellit.cellitnews.wrgb,android
Sinclair Broadcast Group,3111,com-newssynergy-kbak.app,android
Sinclair Broadcast Group,3111,com-cellit-cellitnews-wsyx.app,android
Sinclair Broadcast Group,3111,1018954955,ios
Sinclair Broadcast Group,3111,524186093,ios
Sinclair Broadcast Group,3111,379151768,ios
Sinclair Broadcast Group,3111,1008894711,ios
Sinclair Broadcast Group,3111,716827051,ios
Sinclair Broadcast Group,3111,com-cellit-cellitnews-wtvc.app,android
Sinclair Broadcast Group,3111,com-cellit-cellitnews-kutv.app,android
Sinclair Broadcast Group,3111,com.cellit.cellitnews.kokh,android
Sinclair Broadcast Group,3111,523794731,ios
Sinclair Broadcast Group,3111,675268363,ios
Sinclair Broadcast Group,3111,com-barringtontv-android-krcg.app,android
Sinclair Broadcast Group,3111,com-cellit-cellitnews-wgfl.app,android
Sinclair Broadcast Group,3111,com-barringtontv-android-kgbt.app,android
Sinclair Broadcast Group,3111,524184909,ios
Sinclair Broadcast Group,3111,524993143,ios
Sinclair Broadcast Group,3111,379149634,ios
Sinclair Broadcast Group,3111,675251041,ios
Sinclair Broadcast Group,3111,com-cellit-cellitnews-katv.app,android
Sinclair Broadcast Group,3111,com-cellit-cellitnews-wlos.app,android
Sinclair Broadcast Group,3111,com.wham.android.weather,android
Sinclair Broadcast Group,3111,433508658,ios
Sinclair Broadcast Group,3111,720237724,ios
Sinclair Broadcast Group,3111,379157248,ios
Sinclair Broadcast Group,3111,com.cellit.cellitnews.kabb,android
Sinclair Broadcast Group,3111,com-newssynergy-wsbt.app,android
Sinclair Broadcast Group,3111,com.weyi.android.weather,android
Sinclair Broadcast Group,3111,523796122,ios
Sinclair Broadcast Group,3111,376234491,ios
Sinclair Broadcast Group,3111,680803905,ios
Sinclair Broadcast Group,3111,com-cellit-cellitnews-wbma.app,android
Sinclair Broadcast Group,3111,548809469,ios
Sinclair Broadcast Group,3111,985370560,ios
Sinclair Broadcast Group,3111,548802962,ios
Sinclair Broadcast Group,3111,com-barringtontv-android-weyi.app,android
Sinclair Broadcast Group,3111,1094817252,ios
Sinclair Broadcast Group,3111,com-kgan-android-weather.app,android
Sinclair Broadcast Group,3111,com-barringtontv-android-wfxl.app,android
Sinclair Broadcast Group,3111,com-cellit-cellitnews-wchs.app,android
Sinclair Broadcast Group,3111,379144627,ios
Sinclair Broadcast Group,3111,com-cellit-cellitnews-kima.app,android
Sinclair Broadcast Group,3111,com.cellit.cellitnews.wtte,android
Sinclair Broadcast Group,3111,com.kgbt.android.weather,android
Sinclair Broadcast Group,3111,com-mylocaltv-kmph.app,android
Sinclair Broadcast Group,3111,533911148,ios
Sinclair Broadcast Group,3111,1016633880,ios
Sinclair Broadcast Group,3111,457643642,ios
Sinclair Broadcast Group,3111,1130474347,ios
Sinclair Broadcast Group,3111,524201904,ios
Sinclair Broadcast Group,3111,675169384,ios
Sinclair Broadcast Group,3111,489854096,ios
Sinclair Broadcast Group,3111,com-cellit-cellitnews-kgan.app,android
Sinclair Broadcast Group,3111,com.newssynergy.komo.debug,android
Sinclair Broadcast Group,3111,675161503,ios
Sinclair Broadcast Group,3111,com.cellit.cellitnews.kepr.debug,android
Sinclair Broadcast Group,3111,956924480,ios
Sinclair Broadcast Group,3111,com-cellit-cellitnews-wtov.app,android
Sinclair Broadcast Group,3111,548806805,ios
Sinclair Broadcast Group,3111,com-linmedia-newstouch-wluk.app,android
Sinclair Broadcast Group,3111,com.ktul.android.weather,android
Sinclair Broadcast Group,3111,com-cellit-cellitnews-wjac.app,android
Sinclair Broadcast Group,3111,546032363,ios
Sinclair Broadcast Group,3111,com-cellit-cellitnews-kepr.app,android
Sinclair Broadcast Group,3111,com-wcyb-android-weather.app,android
Sinclair Broadcast Group,3111,1401397785,ios
Sinclair Broadcast Group,3111,1008891287,ios
Sinclair Broadcast Group,3111,720203302,ios
Sinclair Broadcast Group,3111,419168262,ios
Sinclair Broadcast Group,3111,404886622,ios
Sinclair Broadcast Group,3111,535841520,ios
Sinclair Broadcast Group,3111,com.barringtontv.ios.KVII,android
Sinclair Broadcast Group,3111,com.newssynergy.komo.qa,android
Sinclair Broadcast Group,3111,379151097,ios
Sinclair Broadcast Group,3111,1046894009,ios
Sinclair Broadcast Group,3111,com.cellit.cellitnews.klew.qa,android
Sinclair Broadcast Group,3111,com-barringtontv-android-wnwo.app,android
Sinclair Broadcast Group,3111,com-wbff-android-weather.app,android
Sinclair Broadcast Group,3111,449154967,ios
Sinclair Broadcast Group,3111,439288211,ios
Sinclair Broadcast Group,3111,631551590,ios
Sinclair Broadcast Group,3111,379143507,ios
Sinclair Broadcast Group,3111,com.wchs.android.weather,android
Sinclair Broadcast Group,3111,1106991031,ios
Sinclair Broadcast Group,3111,com.cellit.cellitnews.kbtv,android
Sinclair Broadcast Group,3111,992466198,ios
Skout,5889,com.skout.androij,android
Skout,5889,com.seout.anwroid,android
Skout,5889,com-skout-skout.app,android
Skout,5889,315257056,ios
Skout,5889,com-skout-skout-beta.app,android
Skout,5889,com-skout-androih.app,android
Skout,5889,com.skout.android16,android
Skout,5889,com.skout.androidmod,android
Skout,5889,com.skout.android,android
Skout,5889,com.flurv.android,android
Skout,5889,com.flurv.androig,android
Skout,5889,com.skout.androidabs7,android
Skout,5889,com.skout3.android,android
Skout,5889,com.skout.androidskout2,android
Skout,5889,com-skout-android2.app,android
Skout,5889,com-skout-androig.app,android
Skout,5889,com-skout1-android.app,android
Skout,5889,com-skout-android15.app,android
Skout,5889,com-skout-android1.app,android
Skout,5889,com.skout.android0022,android
Skout,5889,com.skout.androidskout1,android
Skout,5889,com.skout.androie,android
Skout,5889,com.flurv.androie,android
Skout,5889,com-skout-androii.app,android
Skout,5889,com-skout-android24.app,android
Skout,5889,com-skout-rdgfgdjf.app,android
Skout,5889,com.skout.androil,android
Skout,5889,com-skout-boyahoy.app,android
Skout,5889,302324249,ios
Skout,5889,com-skout-androif.app,android
Skout,5889,com.boyahoy.android,android
Skout,5889,com.flurv.androif,android
Skout,5889,com.skout.android0033,android
Slader,6204,com.slader.SladerReader,android
Slader,6204,579962583,ios
Slader,6204,com.slader.slader,android
Slate,335,357555242,ios
Slickdeals.net,3506,584632814,ios
Slickdeals.net,3506,net.slickdeals.android,android
Smosh,4327,679190547,ios
Smosh,4327,com-smosh-android.app,android
SpanishDict,3602,,android
SpanishDict,3602,332510494,ios
SpanishDict,3602,com-curiositymedia-spanishdict.app,android
SpanishDict,3602,com.spanishdict.spanishdict,android
Sports Wire,5859,1397863221,ios
Sports Wire,5859,com-sportswire-newsapp.app,android
StormTeam2,5645,com.wgrz.android.weather,android
THV Weather,5620,com.kthv.android.weather,android
THV11,5617,com.gannett.local.library.news.kthv,android
THV11,5617,469738355,ios
TMZ,302,TMZDevelopment,android
TMZ,302,299948601,ios
TMZ,302,TMZSportsDevelopment,android
TMZ,302,com-rhythmnewmedia-tmz-dev.app,android
TMZ,302,com-rhythmnewmedia-tmz.app,android
TMZ,302,com.practicallogix.tmz,android
TMZ,302,com.wb.tmz.sports,android
TMZ,302,1119662925,ios
TMZ,302,tmz.app,android
TV Guide - EBDA,4936,333647776,ios
TV Guide - EBDA,4936,com.tvguidemobile,android
Tagged,6310,com.hi5.app.debug,android
Tagged,6310,com-hi5-apq.app,android
Tagged,6310,com-tagged-prod.app,android
Tagged,6310,com-tagged-meetme.app,android
Tagged,6310,358899126,ios
Tagged,6310,com-taggedapq.app,android
Tagged,6310,com.taggedapx,android
Tagged,6310,com.hi5.apr,android
Tagged,6310,com.hi5.aps,android
Tagged,6310,com-taggedapr.app,android
Tagged,6310,com.taggedaps,android
Tagged,6310,com.taggedapt,android
Tagged,6310,com-taggedapp-debug.app,android
Tagged,6310,com.taggedapp,android
Tagged,6310,com.hi5.app,android
Team Snap,6681,com-teamsnap-teamsnap.app,android
Team Snap,6681,393048976,ios
Team Snap,6681,com.teamsnap.teamsnap.nextdroid,android
Tech Today - EBDA,5063,1077008940,ios
TechRepublic - EBDA,4934,426493569,ios
TechRepublic - EBDA,4934,com-cbsinteractive-techrepublic.app,android
Tele-Loisirs,5842,454988262,ios
Tele-Loisirs,5842,fr.playsoft.teleloisirs,android
Telegraph,3256,,android
Telegraph,3256,303301873,ios
Telegraph,3256,uk.co.telegraph.android,android
TextNow_A9,6720,com-enflick-android-textnpl.app,android
TextNow_A9,6720,com-enflick-android-textnon.app,android
TextNow_A9,6720,com.enflick.android.TextOnr,android
TextNow_A9,6720,com-enflick-android-textnoz.app,android
TextNow_A9,6720,com-enflick-android-textnou.app,android
TextNow_A9,6720,com.enflick.android.TextNau,android
TextNow_A9,6720,com.enflick.android.TextNao,android
TextNow_A9,6720,com.enflick.android.TextNqt,android
TextNow_A9,6720,com.enflick.android.TextNpz,android
TextNow_A9,6720,com.enflick.android.TextNow,android
TextNow_A9,6720,com.enflick.android.TextNpv,android
TextNow_A9,6720,com-enflick-android-textnol.app,android
TextNow_A9,6720,com-enflick-android-textnop.app,android
TextNow_A9,6720,com-enflick-android-textnoh.app,android
TextNow_A9,6720,com.enflick.android.TextNqq,android
TextNow_A9,6720,com-enflick-android-textnov.app,android
TextNow_A9,6720,com.enflick.android.TextOnw,android
TextNow_A9,6720,com-enflick-android-textnos.app,android
TextNow_A9,6720,com.enflick.android.TextNowd,android
TextNow_A9,6720,com.enflick.android.TextNpg,android
TextNow_A9,6720,com.enflick.android.TextOnp,android
TextNow_A9,6720,com.enflick.android.TextOno,android
TextNow_A9,6720,com.enflick.android.TextNax,android
TextNow_A9,6720,com.enflick.android.TextNpx,android
TextNow_A9,6720,com.enflick.android.TextNqu,android
TextNow_A9,6720,com-enflick-android-textnot.app,android
TextNow_A9,6720,com.enflick.android.TextNqx,android
TextNow_A9,6720,com-enflick-android-textnok.app,android
TextNow_A9,6720,com.enflick.android.TextNqp,android
TextNow_A9,6720,com.enflick.android.TextNqn,android
TextNow_A9,6720,com-enflick-android-textnob.app,android
TextNow_A9,6720,com-enflick-android-textnor.app,android
TextNow_A9,6720,com-enflick-android-textnpa.app,android
TextNow_A9,6720,com-enflick-android-textnoi.app,android
TextNow_A9,6720,com.enflick.android.TextNpf,android
TextNow_A9,6720,com.enflick.android.TextNpk,android
TextNow_A9,6720,com-enflick-android-textnpp.app,android
TextNow_A9,6720,com-enflick-android-textnof.app,android
TextNow_A9,6720,com-enflick-android-textnod.app,android
TextNow_A9,6720,com.enflick.android.TextNpt,android
TextNow_A9,6720,com.enflick.android.TextNowf,android
TextNow_A9,6720,com-tinginteractive-usms.app,android
TextNow_A9,6720,com.enflick.android.TextOnx,android
TextNow_A9,6720,com.enflick.android.TextNqv,android
TextNow_A9,6720,com-enflick-android-textnoo.app,android
TextNow_A9,6720,com.enflick.android.TextOza,android
TextNow_A9,6720,com.enflick.android.TextNpm,android
TextNow_A9,6720,com.enflick.android.TextNpi,android
TextNow_A9,6720,com-enflick-android-textnoa.app,android
TextNow_A9,6720,com.enflick.android.TextNpy,android
TextNow_A9,6720,314716233,ios
TextNow_A9,6720,com-enflick-android-textnpn.app,android
TextNow_A9,6720,com.enflick.android.TextNpr,android
TextNow_A9,6720,com.enflick.android.TextNat,android
TextNow_A9,6720,com-enflick-android-textnoy.app,android
TextNow_A9,6720,com.enflick.android.TextNqy,android
TextNow_A9,6720,com-enflick-android-textnom.app,android
TextNow_A9,6720,com-enflick-android-textnps.app,android
TextNow_A9,6720,com.enflick.android.TextNpw,android
TextNow_A9,6720,com.enflick.android.TextNqs,android
TextNow_A9,6720,com-enflick-android-textnox.app,android
TextNow_A9,6720,com.enflick.android.TextNqw,android
TextNow_A9,6720,com.enflick.android.TextNrl,android
TextNow_A9,6720,com-enflick-android-textnog.app,android
TextNow_A9,6720,com-enflick-android-textnpu.app,android
TextNow_A9,6720,com.enflick.android.TextOnv,android
TextNow_A9,6720,com-enflick-android-textnpq.app,android
TextNow_A9,6720,com-enflick-android-textnoc.app,android
TextNow_A9,6720,com.enflick.android.TextNpd,android
TextNow_A9,6720,com.enflick.android.TextNpj,android
TextNow_A9,6720,com-enflick-android-textnoj.app,android
TextNow_A9,6720,com.enflick.android.TextNrk,android
TextNow_A9,6720,com.enflick.android.TextNpo,android
TextNow_A9,6720,com-enflick-android-textnoe.app,android
TextNow_A9,6720,com.enflick.android.TextNrm,android
TextNow_A9,6720,com.enflick.android.TextNap,android
TextNow_A9,6720,com.enflick.android.TextNpe,android
TextNow_A9,6720,com.enflick.android.TextNph,android
TextNow_A9,6720,com-enflick-android-textnoq.app,android
TextNow_A9,6720,com.enflick.android.TextNqr,android
TextNow_A9,6720,com-enflick-android-textnqz.app,android
TextNow_A9,6720,com.enflick.android.TextOnz,android
TextNow_A9,6720,com.enflick.android.TextNpc,android
The Chive,2325,chive.app,android
The Hindu,6867,com-mobstac-thehindu.app,android
The Hindu,6867,com-mobstac-thehindubusinessline.app,android
The New York Times,746,com.nytimes.cn,android
The New York Times,746,911422904,ios
The New York Times,746,com.nytimes.android,android
The New York Times,746,357066198,ios
The New York Times,746,807498298,ios
The New York Times,746,284862083,ios
The Seattle Times,647,329502124,ios
The Seattle Times,647,com-seattletimes-android-seattletimesmobilenews.app,android
The Weather Channel,5848,com.weather.Weather,android
The Weather Channel,5848,295646461,ios
The Weather Network,5935,com-pelmorex-weathereyeandroid.app,android
The Weather Network,5935,407173878,ios
The Weather Network,5935,473299958,ios
Timehop,3410,569077959,ios
Timehop,3410,com.timehop,android
Timehop,3410,mb32u-music-player-free-download.app,android
Tiny Beans,4753,com-tinybeans.app,android
Tiny Beans,4753,521633042,ios
Tiny Beans,4753,com-tinybeans-mobile-iphone.app,android
Tribune Media RON News App,2839,com.fox4kc.localtv,android
Tribune Media RON News App,2839,com.tribtv.wpix2,android
Tribune Media RON News App,2839,com.thirtnow.localtv,android
Tribune Media RON News App,2839,334682375,ios
Tribune Media RON News App,2839,572089813,ios
Tribune Media RON News App,2839,com-tribtv-wgntv2.app,android
Tribune Media RON News App,2839,com.foxtwonow.localtv,android
Tribune Media RON News App,2839,com.fivenewsonline.localtv,android
Tribune Media RON News App,2839,586932831,ios
Tribune Media RON News App,2839,com.foxeigflash.localtv,android
Tribune Media RON News App,2839,com.tribtv.ktxl2,android
Tribune Media RON News App,2839,com.ktla.android.weather,android
Tribune Media RON News App,2839,com.tribtv.wtic,android
Tribune Media RON News App,2839,com.whnt.localtv,android
Tribune Media RON News App,2839,339570924,ios
Tribune Media RON News App,2839,586937701,ios
Tribune Media RON News App,2839,576455676,ios
Tribune Media RON News App,2839,com.foxsixnow.localtv,android
Tribune Media RON News App,2839,com.wghp.localtv,android
Tribune Media RON News App,2839,com.wtvr.localtv,android
Tribune Media RON News App,2839,339559940,ios
Tribune Media RON News App,2839,576462102,ios
Tribune Media RON News App,2839,576449977,ios
Tribune Media RON News App,2839,587593522,ios
Tribune Media RON News App,2839,593634365,ios
Tribune Media RON News App,2839,com.tribtv.wxin3,android
Tribune Media RON News App,2839,com.tribtv.wpmt,android
Tribune Media RON News App,2839,586939626,ios
Tribune Media RON News App,2839,576468704,ios
Tribune Media RON News App,2839,com.wtkr.localtv,android
Tribune Media RON News App,2839,324686068,ios
Tribune Media RON News App,2839,322874918,ios
Tribune Media RON News App,2839,com.goforit.localtv,android
Tribune Media RON News App,2839,com.wreg.localtv,android
Tribune Media RON News App,2839,com.kdvr.localtv,android
Tribune Media RON News App,2839,324690258,ios
Tribune Media RON News App,2839,com.wnep.localtv,android
Tribune Media RON News App,2839,324711668,ios
Tribune Media RON News App,2839,334627011,ios
Tribune Media RON News App,2839,318424694,ios
Tribune Media RON News App,2839,com.tribtv.wxmi,android
Tribune Media RON News App,2839,587590968,ios
Tribune Media RON News App,2839,com.foxthirtnow.localtv,android
Tribune Media RON News App,2839,334634343,ios
Tribune Media RON News App,2839,339519512,ios
Tribune Media RON News App,2839,593652814,ios
Tribune Media RON News App,2839,640768578,ios
Tribune Media RON News App,2839,com-tribtv-wttv.app,android
Tribune Media RON News App,2839,com.tribtv.kcpq,android
Tribune Media RON News App,2839,com.tribtv.ktla2,android
Tribune Media RON News App,2839,com.wqad.localtv,android
Tribune Media RON News App,2839,948396007,ios
Tribune Media RON News App,2839,587592629,ios
Tribune Media RON News App,2839,636514164,ios
Tribune Media RON News App,2839,com.tribtv.kswb2,android
Tribune Media RON News App,2839,com.kfsm.android.weather,android
Tribune Media RON News App,2839,com.wxin.android.weather,android
Tribune Media RON News App,2839,593636323,ios
Tribune Media RON News App,2839,324152525,ios
Tribune Media RON News App,2839,593657931,ios
Tribune Media RON Weather App,5975,com.tribtv.kswb2,android
Tribune Media RON Weather App,5975,529599183,ios
Tribune Media RON Weather App,5975,379085746,ios
Tribune Media RON Weather App,5975,com-kdvr-android-weather.app,android
Tribune Media RON Weather App,5975,368497309,ios
Tribune Media RON Weather App,5975,1019860863,ios
Tribune Media RON Weather App,5975,366796676,ios
Tribune Media RON Weather App,5975,com-wqad-android-weather.app,android
Tribune Media RON Weather App,5975,537265820,ios
Tribune Media RON Weather App,5975,com.witi.android.weather,android
Tribune Media RON Weather App,5975,368684456,ios
Tribune Media RON Weather App,5975,368497728,ios
Tribune Media RON Weather App,5975,com-tribtv-wttv.app,android
Tribune Media RON Weather App,5975,368497281,ios
Tribune Media RON Weather App,5975,586932831,ios
Tribune Media RON Weather App,5975,com.ktxl.android.weather,android
Tribune Media RON Weather App,5975,com.kdvr.localtv,android
Tribune Media RON Weather App,5975,368499632,ios
Tribune Media RON Weather App,5975,954369275,ios
Tribune Media RON Weather App,5975,368498225,ios
Tribune Media RON Weather App,5975,com-wtic-android-weather.app,android
Tribune Media RON Weather App,5975,368499118,ios
Tribune Media RON Weather App,5975,988490233,ios
Tribune Media RON Weather App,5975,368499412,ios
Tribune Media RON Weather App,5975,com.ktvi.android.weather,android
Tribune Media RON Weather App,5975,com-wxmi-android-weather.app,android
Tribune Media RON Weather App,5975,com.wghp.android.weather,android
Tribune Media RON Weather App,5975,962146621,ios
Tribune Media RON Weather App,5975,com-wpmt-android-weather.app,android
Tribune Media RON Weather App,5975,com.localtvllc.livealert19,android
Tribune Media RON Weather App,5975,com.wnep.android.weather,android
Tribune Media RON Weather App,5975,com-kcpq-android-weather.app,android
Tribune Media RON Weather App,5975,com.wdaf.android.weather,android
Tribune Media RON Weather App,5975,1015108378,ios
Tribune Media RON Weather App,5975,com.wreg.android.weather,android
Tribune Media RON Weather App,5975,com-wjw-android-weather.app,android
Tribune Media RON Weather App,5975,com-kstu-android-weather.app,android
Tribune Media RON Weather App,5975,com.localtvllc.thirteenwarnme,android
Tribune Media RON Weather App,5975,1004667816,ios
Trinity Mirror,2202,683329068,ios
Trinity Mirror,2202,684188027,ios
Trinity Mirror,2202,1066821187,ios
Trinity Mirror,2202,1163184394,ios
Trinity Mirror,2202,814335580,ios
Trinity Mirror,2202,com.gazettelive,android
Trinity Mirror,2202,com.mirror.news,android
Trinity Mirror,2202,662307361,ios
Trinity Mirror,2202,com.liverpool.echo,android
Trinity Mirror,2202,684268907,ios
Trinity Mirror,2202,com.scottish.news,android
Trinity Mirror,2202,com.walesonline,android
Trinity Mirror,2202,360153138,ios
Trinity Mirror,2202,com.coventry.telegraph,android
Trinity Mirror,2202,com.tmg.huddersfieldexaminer,android
Trinity Mirror,2202,684274958,ios
Trinity Mirror,2202,587421154,ios
Trinity Mirror,2202,538338235,ios
Trinity Mirror,2202,com.manchester.evening.news,android
Trinity Mirror,2202,1077368686,ios
Trinity Mirror,2202,662354161,ios
Trinity Mirror,2202,com.newcastle.chronicle,android
Trinity Mirror,2202,334456452,ios
Trinity Mirror,2202,683284483,ios
USA Today,4656,504631398,ios
USA Today,4656,com-usatoday-enterpriseiphone20.app,android
USA Today,4656,com.usatoday.android.gna2,android
USA Today,4656,com.usatoday.android.news,android
USA Today,4656,983403042,ios
USA Today,4656,com.usatoday.android.galaxy,android
USA Today,4656,com-usatoday-iphone20.app,android
USAT - Gannett Network,2862,504631398,ios
USAT - Gannett Network,2862,com.usatoday.android.galaxy,android
USAT - Gannett Network,2862,com-usatoday-enterpriseiphone20.app,android
USAT - Gannett Network,2862,com.usatoday.android.gna2,android
USAT - Gannett Network,2862,com.usatoday.android.news,android
Viber,4664,382617920,ios
Viber,4664,,android
Viber,4664,com.viber.voip,android
Vinted,6472,de.kleiderkreisel,android
Vinted,6472,fr.vinted,android
Vinted,6472,com-vinted.app,android
Vinted,6472,de.mamikreisel,android
Vinted,6472,pl.vinted,android
Vinted,6472,uk.vinted,android
Voici,5841,com.dev.voici,android
Voici,5841,448347503,ios
Voici,5841,1039331890,ios
WBIR,5639,396524653,ios
WBIR,5639,467273272,ios
WBIR,5639,com-belo-id3063.app,android
WBIR,5639,com.wbir.android.weather,android
WBIR,5639,com.gannett.local.library.news.wbir,android
WBIR10 WX,5638,com.wbir.android.weather,android
WCNC.com,5635,com.doapps.android.mln.MLN_e4ef527c9470156af7f6cfd0f64b9097,android
WCNC.com,5635,com-wcnc-android-weather.app,android
WCNC.com,5635,404244684,ios
WCSH Portland,6196,com.belo.id3064,android
WFAA,5637,662026528,ios
WFAA,5637,com.doapps.android.mln.MLN_b9e6d9221dcefc50ba23c6bd04ace911,android
WFAA,5637,408264324,ios
WFMY Radar,5641,com.wfmy.android.weather,android
WFMY Radar,5641,469397482,ios
WFMY2,5643,com-belo-id3065.app,android
WFMY2,5643,469397482,ios
WFMY2,5643,395749171,ios
WFMY2,5643,com.gannett.local.library.news.wfmy,android
WFMY2,5643,com.wfmy.android.weather,android
WGRZ Buffalo,6197,469738487,ios
WGRZ Buffalo,6197,com.wgrz.android.weather,android
WGRZ Buffalo,6197,378105869,ios
WHAS11 News,5647,com.doapps.android.mln.MLN_b3ff766402d6d975200b86a42ea504b0,android
WHAS11 News,5647,498576143,ios
WHAS11 News,5647,408264345,ios
WKYC,5649,com-wkyc-android-weather.app,android
WKYC,5649,469396327,ios
WKYC,5649,415962807,ios
WKYC,5649,com.gannett.local.library.news.wkyc,android
WKYC Radar,5656,com-wkyc-android-weather.app,android
WLTX 19,5662,com.gannett.local.library.news.wltx,android
WLTX 19,5662,com.wltx.android.weather,android
WLTX 19,5662,386966754,ios
WLTX 19,5662,469391887,ios
WLTX 19,5662,com.belo.id3069,android
WTLV Jacksonville,6194,com.belo.id3071,android
WTOL,6771,com-raycom-wtol.app,android
WTOL,6771,1453204117,ios
WTOL Weather,6777,com-wtol-android-weather.app,android
WUSA9 News,5659,374953419,ios
WUSA9 News,5659,434847893,ios
WUSA9 News,5659,com.gannett.local.library.news.wusa9,android
WVEC13News Now,5681,408264528,ios
WVEC13News Now,5681,com.doapps.android.mln.MLN_02c81d50e7a767c8153677647dbfd406,android
WWL TV,5670,com.doapps.android.mln.MLN_d6bcd10196773d6203b7e9b10e53fea3,android
WWL TV,5670,com-doapps-android-mln-mln-01fd87a12ae0ccef018d76ac6b720bb1.app,android
WWL TV,5670,482811833,ios
WWL TV,5670,408265227,ios
WWL TV,5670,441527630,ios
WXIA Atlanta,6195,384677791,ios
WXIA Atlanta,6195,com.wxia.android.weather,android
WXIA Atlanta,6195,com-belo-id3074.app,android
WZZM 13,5663,com.gannett.local.library.news.wzzm,android
WZZM 13,5663,com-belo-id3075.app,android
WZZM 13,5663,com.wzzm.android.weather,android
WZZM 13,5663,391785222,ios
WZZM 13,5663,467461933,ios
WZZM 13 WX,5666,com.wzzm.android.weather,android
Wallapop,5730,,android
Wallapop,5730,com.wallapop,android
Wallapop,5730,692753615,ios
Wallpapers & Backgrounds X,6357,466993271,ios
Weather Channel App,5885,v.app,android
Weather Channel App,5885,com.weather.Weather.qa,android
Weather Channel App,5885,com.weather.Weather,android
Weather Channel App,5885,com-weather-twc.app,android
Weather Channel App,5885,com-weather-weathes.app,android
Weather Channel App,5885,,android
Weather Channel App,5885,com-weather-weather-dev.app,android
Weather Channel App,5885,295646461,ios
Weather Channel App,5885,com-weather-samsung-dev.app,android
Weather Channel App,5885,8-16.app,android
Weather Channel App,5885,com.weather.samsung,android
Weather Channel App,5885,com.weather.Weatheu,android
Weather Channel App,5885,com.weather.Weathet,android
WeatherBug,2898,com-aws-weatherbug-pro.app,android
WeatherBug,2898,com-aws-android.app,android
WeatherBug,2898,281940292,ios
WeatherBug,2898,com.aws,android
Wetter Online,5869,de.wetteronline.wetterapp,android
Wetter Online,5869,de.wetteronline.regenradar,android
Wetter Online,5869,545993260,ios
Wetter Online,5869,439839893,ios
Wetter Online,5869,de.wetteronline.wettermaps,android
Wetter Online,5869,407958409,ios
Wetter Online,5869,,android
Whisper,4342,com.coco.emt,android
Whisper,4342,com.coco.teas,android
Whisper,4342,com.coco.theory,android
Whisper,4342,com-coco-nclexrn.app,android
Whisper,4342,1194409606,ios
Whisper,4342,1194607323,ios
Whisper,4342,com.coco.dktnsw,android
Whisper,4342,1194925013,ios
Whisper,4342,com-coco-act.app,android
Whisper,4342,com-coco-cna.app,android
Whisper,4342,1193522154,ios
Whisper,4342,com.coco.g1,android
Whisper,4342,com.coco.gre,android
Whisper,4342,com-coco-sat.app,android
Whisper,4342,506141837,ios
Whisper,4342,com.coco.asvab,android
Whisper,4342,1194883650,ios
Whisper,4342,sh.whisper,android
Whisper,4342,1194550831,ios
Whisper,4342,com.coco.massage,android
Whisper,4342,1194879682,ios
Whisper,4342,com-coco-cscs.app,android
Whisper,4342,1201737731,ios
Whisper,4342,sh.whisperurban,android
Whisper,4342,1194885781,ios
Whisper,4342,com.coco.nclex,android
Whisper,4342,com.coco.care,android
Whisper,4342,com.coco.hesi,android
Whisper,4342,com-coco-accuplacer.app,android
Whisper,4342,999134850,ios
Whisper,4342,com.coco.usmle,android
Whisper,4342,com.coco.comptia_aplus,android
Whisper,4342,com.coco.cdl,android
Whisper,4342,sh-whispes.app,android
Whisper,4342,com-coco-ptcb.app,android
Whisper,4342,1194618867,ios
Whisper,4342,com.coco.pmp,android
Whisper -The World Around You,5971,sh.whisperurban,android
Whisper -The World Around You,5971,999134850,ios
Wirtualna Polska Media,6419,pl-wp-android-openfm.app,android
Wirtualna Polska Media,6419,407293210,ios
Wirtualna Polska Media,6419,pl.videostar,android
Workout Inc,6266,net.applabsinc.mandala_coloring_book_mandalas_for_adults,android
Workout Inc,6266,1057121795,ios
Workout Inc,6266,1040802159,ios
Workout Inc,6266,com.bearhugmedia.long_hair_princess_rescue,android
Workout Inc,6266,net.beautysalongames.nerdygirllove,android
Workout Inc,6266,net.beautysalongames.secrethigh.vampire.wedding,android
Workout Inc,6266,net.makerlabs.android_streetfoodstand,android
Workout Inc,6266,1266124452,ios
Workout Inc,6266,me-dress-up-games-gossipgirl-prom.app,android
Workout Inc,6266,1384801188,ios
Workout Inc,6266,net.beautysalongames.vampire_ex_boyfriend,android
Workout Inc,6266,com.bearhugmedia.vampire.princess.prom,android
Workout Inc,6266,net.beautysalongames.secret_high_eleven,android
Workout Inc,6266,com.crazycatsmedia.unicorn_sundea_ice_cream,android
Workout Inc,6266,net.applabsinc.android_mysterygallery,android
Workout Inc,6266,com.hugsnhearts.truthdare_party,android
Workout Inc,6266,466993271,ios
Workout Inc,6266,1289104241,ios
Workout Inc,6266,1229011116,ios
Workout Inc,6266,com.bearhugmedia.mermaidsecrets1,android
Workout Inc,6266,com-crazycatsmedia-android-birthdaycakeparty.app,android
Workout Inc,6266,578210847,ios
Workout Inc,6266,1320720980,ios
Workout Inc,6266,net-makerlabs-android-slushymaker.app,android
Workout Inc,6266,net.applabsinc.unicorn.voxel3d.coloring.book.adults.kids.adult.by.numbers,android
Workout Inc,6266,net.workoutinc.yoga.beginners.free.workouts.studio,android
Workout Inc,6266,net-bigbearentertainment-android-ho-kitchen.app,android
Workout Inc,6266,com.bearhugmedia.android_sportsday,android
Workout Inc,6266,net.makerlabs.magic.rainbow.foods,android
Workout Inc,6266,net.applabsinc.android_animalcolor,android
Workout Inc,6266,com.bearhugmedia.android_magicdescendantssalon,android
Workout Inc,6266,net.beautysalongames.android_vampirelovestory,android
Workout Inc,6266,me-dress-up-games-gossip-girl-four.app,android
Workout Inc,6266,427773943,ios
Workout Inc,6266,com.kidsfoodinc.ice_lolly_maker,android
Workout Inc,6266,1334517235,ios
Workout Inc,6266,1262975389,ios
Workout Inc,6266,com.hugsnhearts.truth_dare_party,android
Workout Inc,6266,1290623602,ios
Workout Inc,6266,com.hugsnhearts.cheerleader.new.star.girl,android
Workout Inc,6266,1217710137,ios
Workout Inc,6266,com.bearhugmedia.android_princess_makeover_salon,android
Workout Inc,6266,me-dress-up-games-gossip-girl-two.app,android
Workout Inc,6266,net.workoutinc.seven_7_minutes_workouts_challenge,android
Workout Inc,6266,com-hugsnhearts-dream-love-forever.app,android
Workout Inc,6266,1040798228,ios
Workout Inc,6266,net-makerlabs-vip-movie-night-party.app,android
Workout Inc,6266,com.hugsnhearts.girlfriends.guide.collection,android
Workout Inc,6266,com-hugsnhearts-cheerleader-diaries-proms.app,android
Workout Inc,6266,1213271592,ios
Workout Inc,6266,com-hugsnhearts-android-winterqueen.app,android
Workout Inc,6266,com-kidsfoodinc-birthday-dessert-sweet.app,android
Workout Inc,6266,net.applabsinc.coloring_book_2018,android
Workout Inc,6266,net-beautysalongames-secret-high-six.app,android
Workout Inc,6266,com-buffymoon-android-mcarsalon.app,android
Workout Inc,6266,com-crazycatsmedia-mermaid-bakeryshop.app,android
Workout Inc,6266,com-hugsnhearts-fitness-girl-lovestory.app,android
Workout Inc,6266,1395113751,ios
Workout Inc,6266,1286940927,ios
Workout Inc,6266,860332805,ios
Workout Inc,6266,com-crazycatsmedia-mermaid-bakery-shop.app,android
Workout Inc,6266,net.makerlabs.android_fairdeepfriedfood,android
Workout Inc,6266,net.cooltweens.android_siblings,android
Workout Inc,6266,1286620924,ios
Workout Inc,6266,674394902,ios
Workout Inc,6266,net.beautysalongames.nerdy_girl_threenew,android
Workout Inc,6266,net.cooltweens.android_pjparty,android
Workout Inc,6266,net-beautysalongames-highschool-girls-battle.app,android
Workout Inc,6266,net-bigbearentertainment-android-ho-enchanted.app,android
Workout Inc,6266,1208382835,ios
Workout Inc,6266,com-hugsnhearts-dancer-love-triangle.app,android
Workout Inc,6266,823305987,ios
Workout Inc,6266,net.beautysalongames.secret_high_seasonone,android
Workout Inc,6266,com.bearhugmedia.long_hair_princess_curse,android
Workout Inc,6266,net.makerlabs.birthday_cake_party,android
Workout Inc,6266,net-makerlabs-foodie-world-travels.app,android
Workout Inc,6266,net-cooltweens-crush-on-bestie.app,android
Workout Inc,6266,com.bearhugmedia.vampire.princess.cheerleader,android
Workout Inc,6266,net.bigbearentertainment.jigsaw.puzzles.puzzle.game.foradults.adults.adult,android
Workout Inc,6266,1375850193,ios
Workout Inc,6266,682415372,ios
Workout Inc,6266,com.bearhugmedia.longhair_princess_three,android
Workout Inc,6266,1352846796,ios
Workout Inc,6266,1157814546,ios
Workout Inc,6266,net.makerlabs.birthday_cakeparty,android
Workout Inc,6266,1382475299,ios
Workout Inc,6266,com-bluebelllush-teen-fashion-springguide.app,android
Workout Inc,6266,com.crazycatsmedia.android_make_cake,android
Workout Inc,6266,com.kidsfoodinc.android_make_slushyonekf,android
Workout Inc,6266,com.kidsfoodinc.monster_foodmake,android
Workout Inc,6266,com.kidsfoodinc.snowcone.icecream.battle,android
Workout Inc,6266,net-beautysalongames-fashion-intern-love.app,android
Workout Inc,6266,1085391302,ios
Workout Inc,6266,com.bearhugmedia.magic_school_love_story,android
Workout Inc,6266,net-beautysalongames-nerdygirl-bride.app,android
Workout Inc,6266,com.kidsfoodinc.unicorn.puzzle.low.poly.girl.games.for.free,android
Workout Inc,6266,com-hugsnhearts-girls-breakupthree.app,android
Workout Inc,6266,1314860446,ios
Workout Inc,6266,1188566416,ios
Workout Inc,6266,com.bearhugmedia.mermaid_high_school,android
Workout Inc,6266,net.bigbearentertainment.android_hog_catsanddogs,android
Workout Inc,6266,1241582948,ios
Workout Inc,6266,1111468381,ios
Workout Inc,6266,1301147396,ios
Workout Inc,6266,net.workoutinc.butt_exercises_workouts,android
Workout Inc,6266,com.bearhugmedia.vampire_princess_love,android
Workout Inc,6266,com.kidsfoodinc.chinese_food_puppy,android
Workout Inc,6266,com.bearhugmedia.rainbow_pony_makeover,android
Workout Inc,6266,net.bigbearentertainment.android_hog_rusticmystery,android
Workout Inc,6266,me-dress-up-games-gossip-girl-five.app,android
Workout Inc,6266,com-crazycatsmedia-sparkle-princess-candy.app,android
Workout Inc,6266,net.workoutinc.seven_7minutesfitness_forwomen,android
Workout Inc,6266,1324360713,ios
Workout Inc,6266,net-cooltweens-gymnastic-superstargame.app,android
Workout Inc,6266,com-kidsfoodinc-unicorn-rock-foods.app,android
Workout Inc,6266,1334517091,ios
Workout Inc,6266,com.kidsfoodinc.ice_cream_master,android
Workout Inc,6266,net-beautysalongames-nerdy-girl-bride.app,android
Workout Inc,6266,net.bigbearentertainment.android_ho_guardians,android
Workout Inc,6266,net-applabsinc-android-familycoloringbook.app,android
Workout Inc,6266,net.beautysalongames.secret_high_seven,android
Workout Inc,6266,net.makerlabs.street_food_maker,android
Workout Inc,6266,com-kidsfoodinc-android-make-snowcones.app,android
Workout Inc,6266,net-cooltweens-android-facepaintemergency.app,android
Workout Inc,6266,com.hugsnhearts.highschool_dance_love,android
Workout Inc,6266,1334517590,ios
Workout Inc,6266,net.bigbearentertainment.android_hog_lostmystery,android
Workout Inc,6266,com.crazycatsmedia.galaxy.mirror.cakes,android
Workout Inc,6266,net.beautysalongames.secret_high_season_one,android
Workout Inc,6266,1445794286,ios
Workout Inc,6266,me.dress_up_games.it_girl_fashion,android
Workout Inc,6266,com.hugsnhearts.girls_breakup_two,android
Workout Inc,6266,com-hugsnhearts-cheerleaders-revenge-full.app,android
Workout Inc,6266,net.cooltweens.selfie_queen_social_star,android
Workout Inc,6266,net.beautysalongames.lovelustboyfriend,android
Workout Inc,6266,net.beautysalongames.secrethigh_love_diaries,android
Workout Inc,6266,net-makerlabs-candy-bar-factory.app,android
Workout Inc,6266,net.applabsinc.android_freecoloringbookforadults,android
Workout Inc,6266,net-cooltweens-android-babysitterday.app,android
Workout Inc,6266,net.cooltweens.ice_skating_ballerina_girl,android
Workout Inc,6266,com.hugsnhearts.cheerleader_girl_drama,android
Workout Inc,6266,net.makerlabs.rainbow.unicorn.cake.makers,android
Workout Inc,6266,com-crazycatsmedia-rainbow-unicorn-ice-creams.app,android
Workout Inc,6266,com.ticktockapps.android_girlywallpapers,android
Workout Inc,6266,1371333487,ios
Workout Inc,6266,com-bearhugmedia-little-mermaid-lovetwo.app,android
Workout Inc,6266,net-workoutinc-hiit-high-intensity-workouts.app,android
Workout Inc,6266,com.crazycatsmedia.android_sweetcottoncandy,android
Workout Inc,6266,net-cooltweens-crush-on-bestietwo.app,android
Workout Inc,6266,net-bigbearentertainment-android-hog-housesecrets.app,android
Workout Inc,6266,com.kidsfoodinc.rainbow_ice_cream,android
Workout Inc,6266,1334516177,ios
Workout Inc,6266,net-beautysalongames-secret-high-twelve.app,android
Workout Inc,6266,net.beautysalongames.nerdy_girl_four,android
Workout Inc,6266,net-makerlabs-breakfast-food-recipe.app,android
Workout Inc,6266,com.bearhugmedia.little_mermaid_love_two,android
Workout Inc,6266,net.beautysalongames.secret_high_ten,android
Workout Inc,6266,com-bluebelllush-teen-fashion-summerr.app,android
Workout Inc,6266,com-kidsfoodinc-school-lunch-maker.app,android
Workout Inc,6266,com-crazycatsmedia-mexican-food-maker.app,android
Workout Inc,6266,1108375300,ios
Workout Inc,6266,net-beautysalongames-bff-rich-girls-shopping.app,android
Workout Inc,6266,1352847126,ios
Workout Inc,6266,net.applabsinc.android_enchantedforest,android
Workout Inc,6266,net.beautysalongames.secret_highseven,android
Workout Inc,6266,net-cooltweens-hip-hop-dance-girl.app,android
Workout Inc,6266,com.bearhugmedia.android_longhairwedding,android
Workout Inc,6266,com.hugsnhearts.cheerleader_revenge_two,android
Workout Inc,6266,me-dress-up-games-gossip-girlfour.app,android
Workout Inc,6266,869170275,ios
Workout Inc,6266,me-dress-up-games-gossip-girl-libarary.app,android
Workout Inc,6266,com.crazycatsmedia.unicorn.dessert.pj.party,android
Workout Inc,6266,839285684,ios
Workout Inc,6266,com-bearhugmedia-magical-school-love.app,android
Workout Inc,6266,com.crazycatsmedia.android_makebeachfood,android
Workout Inc,6266,net-cooltweens-city-skater-roller-dancer.app,android
Workout Inc,6266,1156367082,ios
Workout Inc,6266,1141273700,ios
Workout Inc,6266,net.beautysalongames.dress.up.hair.salon.girl.games.for.free,android
Workout Inc,6266,com-kidsfoodinc-unicorn-cook-book.app,android
Workout Inc,6266,net.cooltweens.gymnastic_superstar_game,android
Workout Inc,6266,1321704891,ios
Workout Inc,6266,1354782768,ios
Workout Inc,6266,net.workoutinc.abs_exercises_workouts,android
Workout Inc,6266,com.bearhugmedia.animalsselfie,android
Workout Inc,6266,com-bearhugmedia-long-hair-princessthree.app,android
Workout Inc,6266,me.dress_up_games.monsters.beauty.salon,android
Workout Inc,6266,1382141225,ios
Workout Inc,6266,com-hugsnhearts-android-modernprincessteaparty.app,android
Workout Inc,6266,1387746573,ios
Workout for Women,6268,net.workoutinc.seven_7minutesfitness_forwomen,android
Wunderground App,5886,486154808,ios
Wunderground App,5886,com-wunderground-weatherunderground.app,android
Wunderground App,5886,com.wunderground.android.weather,android
Wunderground App,5886,com.wunderground.android.storm,android
Yoga For Beginners,6273,1382141225,ios
ZDNet - EBDA,4937,com-cbsinteractive-zdnet.app,android
Zattoo,6066,com.zattoo.player,android
iFunny,6029,mobi-ifunnu.app,android
iFunny,6029,mobi.ifunny,android
iFunny,6029,mobi-ifunno.app,android
iFunny,6029,mobi-ifunnc.app,android
iFunny,6029,mobi-ifunny-debug.app,android
iFunny,6029,mobi-ifunnj.app,android
iFunny,6029,mobi-ifunnt.app,android
iFunny,6029,mobi-ifunnx.app,android
iFunny,6029,429610587,ios
iFunny,6029,ru-flysoft-ifunnydev.app,android
iFunny,6029,mobi-ifunnq.app,android
iFunny,6029,mobi-ifunnn.app,android
iFunny,6029,mobi-ifunnr.app,android
iFunny,6029,mobi-ifunnw.app,android
iFunny,6029,mobi-ifunnh.app,android
iFunny,6029,mobi-ifunna.app,android
iFunny,6029,412412148,ios
iFunny,6029,mobi-ifunnv.app,android
iFunny,6029,mobi.ifunnz,android
iFunny,6029,mobi-ifunni.app,android
iFunny,6029,ru-flysoft-ifunny.app,android
iFunny,6029,mobi-ifunnp.app,android
iFunny,6029,mobi-ifunns.app,android
iFunny,6029,mobi-ifunnb.app,android
imgur,2875,com.imgur.mobile,android
imgur,2875,639881495,ios
imgur,2875,com-imgur-mobile-debug.app,android
imgur,2875,com-imgur-mobilf.app,android
imgur,2875,com.imgur.mobile.imgurbanneradsverificationtool,android
imgur,2875,imgurmobile.app,android
imgur,2875,com.imgur.old,android
imgur,2875,com-imgur-daily-build.app,android
imgur,2875,com-imgur-imgur.app,android
letgo,5066,986339882,ios
letgo,5066,com.abtnprojects.ambatana,android
