10 News WTSP,5658,568148832,ios
11Alive,5665,461033172,ios
12 News KPNX,5622,953992180,ios
12News Now - KBMT & K-JAC,5677,419611089,ios
12News Now - KBMT & K-JAC,5677,446226528,ios
13 WMAZ,5653,467460140,ios
1Weather PSM,6758,1044809694,ios
365 Scores,5922,571801488,ios
9Gag,4870,com-9gag-ios-mobile.app,android
9Gag,4870,545551605,ios
9NEWS,5626,568147279,ios
ABC10,5631,469397853,ios
AL,4990,549484884,ios
AL,4990,419876008,ios
AL,4990,548295291,ios
Ab Workouts,6269,860332805,ios
Accuweather App,6873,300048137,ios
Associated Press,1218,364677107,ios
Bacon Reader PSM,6757,725730936,ios
Bloomberg,1066,281941097,ios
Butt Workouts,6270,869170275,ios
CBS - EBDA,4915,530168168,ios
CBS News - EBDA,4917,334256223,ios
CBS Sports - EBDA,4918,307184892,ios
CNET - EBDA,4920,383989837,ios
Daily Mail,376,384101264,ios
Dictionary.com,2868,308750436,ios
ESi Media,2997,542140360,ios
ET Online - EBDA,4924,307544289,ios
Famous Birthdays,3899,646707938,ios
Fantasy Sports - EBDA,5061,658308834,ios
Fichajes,5751,566521169,ios
First Coast News,5657,469738478,ios
Flipboard,3666,358801284,ios
Footmercato,5725,537919329,ios
Fussball Transfers,5740,587802106,ios
Gala,5840,524329849,ios
GasBuddy Organization Inc.,3690,406719683,ios
Girly Wallpapers & Backgrounds,6346,1108375300,ios
Give Me Sport,2105,1271388300,ios
Golfweek,4421,699728318,ios
Hearst Television,5065,505514957,ios
Hearst Television,5065,504646663,ios
Hearst Television,5065,506053781,ios
Hearst Television,5065,505500141,ios
Hearst Television,5065,506060763,ios
Hearst Television,5065,506071794,ios
Hearst Television,5065,505978863,ios
Hearst Television,5065,505215818,ios
Hearst Television,5065,505244949,ios
Hearst Television,5065,505581274,ios
Hearst Television,5065,505246892,ios
Hearst Television,5065,505554182,ios
Hearst Television,5065,501410335,ios
Hearst Television,5065,505175161,ios
Hearst Television,5065,505486083,ios
Hearst Television,5065,505982816,ios
Hearst Television,5065,505577798,ios
Hearst Television,5065,505254249,ios
Hearst Television,5065,505569365,ios
Hearst Television,5065,506139759,ios
Hearst Television,5065,505507641,ios
Hearst Television,5065,505481301,ios
Hearst Television,5065,505232685,ios
High Intensity HIIT Workouts,6347,891535485,ios
IM League,6745,com.imleagues.ios.host.nd,android
IM League,6745,1402949583,ios
IM League,6745,1408348876,ios
IM League,6745,1259009536,ios
KARE 11,5604,568147907,ios
KCEN 6,5680,419606501,ios
KENS 5,5610,408263139,ios
KGW News,5612,404245042,ios
KGW News,5612,439056028,ios
KHOU 11,5607,449671874,ios
KHOU 11,5607,408260229,ios
KIII-TV 3News,5674,470527324,ios
KING 5,5618,408263192,ios
KREM 2 News,5615,409474974,ios
KSDK 5,5616,568136681,ios
KTHV Little Rock,6191,396659191,ios
KTVB,5624,401142659,ios
KUSA Denver,6193,376413715,ios
KVUE NEWS,5628,408263295,ios
KVUE NEWS,5628,502879578,ios
KWES,6776,1453204125,ios
KXTV Sacramento,6192,376390360,ios
KYTX,5676,384290576,ios
KYTX,5676,380134475,ios
MLB App,5582,493619333,ios
MMA Junkie,813,876544448,ios
Marmiton,5686,318796083,ios
MaxPreps - EBDA,4930,980665604,ios
Meet Me,3471,372648912,ios
Merriam-Webster,2737,399452287,ios
My Fitness Pal,2538,341232718,ios
My Plate App,6282,502317923,ios
NJ,4989,419202474,ios
New York Post,2827,410094240,ios
News Day,4043,358571317,ios
News Day,4043,1110297965,ios
Newscenter Maine,5636,469737138,ios
Nexstar Media Group,5787,641336500,ios
Nexstar Media Group,5787,540732783,ios
Nexstar Media Group,5787,425414520,ios
Nexstar Media Group,5787,498027030,ios
Nexstar Media Group,5787,641350507,ios
Nexstar Media Group,5787,564352071,ios
Nexstar Media Group,5787,564357057,ios
Nexstar Media Group,5787,488537620,ios
Nexstar Media Group,5787,488539287,ios
Nexstar Media Group,5787,365771353,ios
Nexstar Media Group,5787,497780687,ios
Nexstar Media Group,5787,498022792,ios
Nexstar Media Group,5787,511297956,ios
Nexstar Media Group,5787,458361133,ios
Nexstar Media Group,5787,585373069,ios
Nexstar Media Group,5787,805618191,ios
Nexstar Media Group,5787,388954265,ios
Nexstar Media Group,5787,563884232,ios
Nexstar Media Group,5787,682040454,ios
Nexstar Media Group,5787,453521345,ios
Nexstar Media Group,5787,585365724,ios
Nexstar Media Group,5787,823820859,ios
Nexstar Media Group,5787,420981068,ios
Nexstar Media Group,5787,417457176,ios
Nexstar Media Group,5787,641347931,ios
Nexstar Media Group,5787,411762914,ios
Nexstar Media Group,5787,404006426,ios
Nexstar Media Group,5787,843502645,ios
Nexstar Media Group,5787,585377661,ios
Nexstar Media Group,5787,568526366,ios
Nexstar Media Group,5787,383181663,ios
Nexstar Media Group,5787,643325314,ios
Nexstar Media Group,5787,641341150,ios
Nexstar Media Group,5787,560952787,ios
Nexstar Media Group,5787,935434517,ios
Nexstar Media Group,5787,955148119,ios
Nexstar Media Group,5787,648529642,ios
Nexstar Media Group,5787,412964780,ios
Nexstar Media Group,5787,918668410,ios
Nexstar Media Group,5787,638924288,ios
Nexstar Media Group,5787,935440370,ios
Nexstar Media Group,5787,935417675,ios
Nexstar Media Group,5787,911514323,ios
Nexstar Media Group,5787,411759231,ios
Nexstar Media Group,5787,638930553,ios
Nexstar Media Group,5787,411685184,ios
Nexstar Media Group,5787,683274369,ios
Nexstar Media Group,5787,570697535,ios
Nexstar Media Group,5787,380703612,ios
Nexstar Media Group,5787,472672814,ios
Nexstar Media Group,5787,488222080,ios
Nexstar Media Group,5787,540518235,ios
Nexstar Media Group,5787,442770406,ios
Nexstar Media Group,5787,488522642,ios
Nexstar Media Group,5787,523213092,ios
Nexstar Media Group,5787,546021203,ios
Nexstar Media Group,5787,439776650,ios
Nexstar Media Group,5787,488539168,ios
Nexstar Media Group,5787,567655039,ios
Nexstar Media Group,5787,636823511,ios
Nexstar Media Group,5787,858760039,ios
Nexstar Media Group,5787,488527284,ios
Nexstar Media Group,5787,399055571,ios
Nexstar Media Group,5787,397295844,ios
Nexstar Media Group,5787,365769123,ios
Nexstar Media Group,5787,394896224,ios
Nexstar Media Group,5787,419619698,ios
Nexstar Media Group,5787,641339003,ios
Nexstar Media Group,5787,389665192,ios
Nexstar Media Group,5787,488237027,ios
Nexstar Media Group,5787,398494424,ios
Nexstar Media Group,5787,590895070,ios
Nexstar Media Group,5787,412441075,ios
Nexstar Media Group,5787,935412897,ios
Nexstar Media Group,5787,411526747,ios
Nexstar Media Group,5787,585379948,ios
Nexstar Media Group,5787,411764669,ios
Nexstar Media Group,5787,541058174,ios
Nexstar Media Group,5787,389664108,ios
Nexstar Media Group,5787,496017327,ios
Nexstar Media Group,5787,523660712,ios
Nexstar Media Group,5787,488539385,ios
Nexstar Media Group,5787,665261821,ios
Nexstar Media Group,5787,438506974,ios
Nexstar Media Group,5787,362326061,ios
Nexstar Media Group,5787,488276218,ios
Nexstar Media Group,5787,497773421,ios
Nexstar Media Group,5787,533796437,ios
Nexstar Media Group,5787,935412230,ios
Nexstar Media Group,5787,365754010,ios
Nexstar Media Group,5787,935402347,ios
Nexstar Media Group,5787,799808099,ios
Nexstar Media Group,5787,488524387,ios
Nexstar Media Group,5787,641341846,ios
Nexstar Media Group,5787,488525050,ios
Nexstar Media Group,5787,564358552,ios
Perfect365,6698,475976577,ios
Philly.com,3074,577251728,ios
Philly.com,3074,970040558,ios
Rain Rain,6694,478687481,ios
Retail Me Not,3659,521207075,ios
Reuters,720,602660809,ios
SEA Sports,5613,443533183,ios
Sinclair Broadcast Group,3111,433704911,ios
Sinclair Broadcast Group,3111,489852183,ios
Sinclair Broadcast Group,3111,632142354,ios
Sinclair Broadcast Group,3111,720246274,ios
Sinclair Broadcast Group,3111,524204826,ios
Sinclair Broadcast Group,3111,487298870,ios
Sinclair Broadcast Group,3111,548805241,ios
Sinclair Broadcast Group,3111,632632687,ios
Sinclair Broadcast Group,3111,379141222,ios
Sinclair Broadcast Group,3111,666477829,ios
Sinclair Broadcast Group,3111,548806153,ios
Sinclair Broadcast Group,3111,488521733,ios
Sinclair Broadcast Group,3111,392330857,ios
Sinclair Broadcast Group,3111,392354636,ios
Sinclair Broadcast Group,3111,548803920,ios
Sinclair Broadcast Group,3111,1107005896,ios
Sinclair Broadcast Group,3111,524201041,ios
Sinclair Broadcast Group,3111,674743595,ios
Sinclair Broadcast Group,3111,1082456574,ios
Sinclair Broadcast Group,3111,489850629,ios
Sinclair Broadcast Group,3111,1129426533,ios
Sinclair Broadcast Group,3111,523761331,ios
Sinclair Broadcast Group,3111,379142705,ios
Sinclair Broadcast Group,3111,1018955128,ios
Sinclair Broadcast Group,3111,674756566,ios
Sinclair Broadcast Group,3111,548807608,ios
Sinclair Broadcast Group,3111,523754244,ios
Sinclair Broadcast Group,3111,680822836,ios
Sinclair Broadcast Group,3111,379155058,ios
Sinclair Broadcast Group,3111,379155254,ios
Sinclair Broadcast Group,3111,535842858,ios
Sinclair Broadcast Group,3111,1219388082,ios
Sinclair Broadcast Group,3111,867511207,ios
Sinclair Broadcast Group,3111,464151234,ios
Sinclair Broadcast Group,3111,379154098,ios
Sinclair Broadcast Group,3111,379147635,ios
Sinclair Broadcast Group,3111,com.barringtontv.ios.WPBN,android
Sinclair Broadcast Group,3111,524124300,ios
Sinclair Broadcast Group,3111,489182496,ios
Sinclair Broadcast Group,3111,489851266,ios
Sinclair Broadcast Group,3111,680849270,ios
Sinclair Broadcast Group,3111,1022872963,ios
Sinclair Broadcast Group,3111,675101914,ios
Sinclair Broadcast Group,3111,928582786,ios
Sinclair Broadcast Group,3111,631600125,ios
Sinclair Broadcast Group,3111,548801623,ios
Sinclair Broadcast Group,3111,992468878,ios
Sinclair Broadcast Group,3111,379148750,ios
Sinclair Broadcast Group,3111,433508161,ios
Sinclair Broadcast Group,3111,392332245,ios
Sinclair Broadcast Group,3111,396908145,ios
Sinclair Broadcast Group,3111,464147992,ios
Sinclair Broadcast Group,3111,486486627,ios
Sinclair Broadcast Group,3111,379146417,ios
Sinclair Broadcast Group,3111,523774051,ios
Sinclair Broadcast Group,3111,632159389,ios
Sinclair Broadcast Group,3111,489853780,ios
Sinclair Broadcast Group,3111,433704842,ios
Sinclair Broadcast Group,3111,379145605,ios
Sinclair Broadcast Group,3111,416558260,ios
Sinclair Broadcast Group,3111,523775450,ios
Sinclair Broadcast Group,3111,1018954955,ios
Sinclair Broadcast Group,3111,524186093,ios
Sinclair Broadcast Group,3111,379151768,ios
Sinclair Broadcast Group,3111,1008894711,ios
Sinclair Broadcast Group,3111,716827051,ios
Sinclair Broadcast Group,3111,523794731,ios
Sinclair Broadcast Group,3111,675268363,ios
Sinclair Broadcast Group,3111,524184909,ios
Sinclair Broadcast Group,3111,524993143,ios
Sinclair Broadcast Group,3111,379149634,ios
Sinclair Broadcast Group,3111,675251041,ios
Sinclair Broadcast Group,3111,433508658,ios
Sinclair Broadcast Group,3111,720237724,ios
Sinclair Broadcast Group,3111,379157248,ios
Sinclair Broadcast Group,3111,523796122,ios
Sinclair Broadcast Group,3111,376234491,ios
Sinclair Broadcast Group,3111,680803905,ios
Sinclair Broadcast Group,3111,548809469,ios
Sinclair Broadcast Group,3111,985370560,ios
Sinclair Broadcast Group,3111,548802962,ios
Sinclair Broadcast Group,3111,1094817252,ios
Sinclair Broadcast Group,3111,379144627,ios
Sinclair Broadcast Group,3111,533911148,ios
Sinclair Broadcast Group,3111,1016633880,ios
Sinclair Broadcast Group,3111,457643642,ios
Sinclair Broadcast Group,3111,1130474347,ios
Sinclair Broadcast Group,3111,524201904,ios
Sinclair Broadcast Group,3111,675169384,ios
Sinclair Broadcast Group,3111,489854096,ios
Sinclair Broadcast Group,3111,675161503,ios
Sinclair Broadcast Group,3111,956924480,ios
Sinclair Broadcast Group,3111,548806805,ios
Sinclair Broadcast Group,3111,546032363,ios
Sinclair Broadcast Group,3111,1401397785,ios
Sinclair Broadcast Group,3111,1008891287,ios
Sinclair Broadcast Group,3111,720203302,ios
Sinclair Broadcast Group,3111,419168262,ios
Sinclair Broadcast Group,3111,404886622,ios
Sinclair Broadcast Group,3111,535841520,ios
Sinclair Broadcast Group,3111,com.barringtontv.ios.KVII,android
Sinclair Broadcast Group,3111,379151097,ios
Sinclair Broadcast Group,3111,1046894009,ios
Sinclair Broadcast Group,3111,449154967,ios
Sinclair Broadcast Group,3111,439288211,ios
Sinclair Broadcast Group,3111,631551590,ios
Sinclair Broadcast Group,3111,379143507,ios
Sinclair Broadcast Group,3111,1106991031,ios
Sinclair Broadcast Group,3111,992466198,ios
Skout,5889,315257056,ios
Skout,5889,302324249,ios
Slader,6204,579962583,ios
Slate,335,357555242,ios
Slickdeals.net,3506,584632814,ios
Smosh,4327,679190547,ios
SpanishDict,3602,332510494,ios
SpanishDict,3602,com-curiositymedia-spanishdict.app,android
Sports Wire,5859,1397863221,ios
THV11,5617,469738355,ios
TMZ,302,299948601,ios
TMZ,302,1119662925,ios
TV Guide - EBDA,4936,333647776,ios
Tagged,6310,358899126,ios
Team Snap,6681,393048976,ios
Tech Today - EBDA,5063,1077008940,ios
TechRepublic - EBDA,4934,426493569,ios
Tele-Loisirs,5842,454988262,ios
Telegraph,3256,303301873,ios
TextNow_A9,6720,314716233,ios
The New York Times,746,911422904,ios
The New York Times,746,357066198,ios
The New York Times,746,807498298,ios
The New York Times,746,284862083,ios
The Seattle Times,647,329502124,ios
The Weather Channel,5848,295646461,ios
The Weather Network,5935,407173878,ios
The Weather Network,5935,473299958,ios
Timehop,3410,569077959,ios
Tiny Beans,4753,521633042,ios
Tribune Media RON News App,2839,334682375,ios
Tribune Media RON News App,2839,572089813,ios
Tribune Media RON News App,2839,586932831,ios
Tribune Media RON News App,2839,339570924,ios
Tribune Media RON News App,2839,586937701,ios
Tribune Media RON News App,2839,576455676,ios
Tribune Media RON News App,2839,339559940,ios
Tribune Media RON News App,2839,576462102,ios
Tribune Media RON News App,2839,576449977,ios
Tribune Media RON News App,2839,587593522,ios
Tribune Media RON News App,2839,593634365,ios
Tribune Media RON News App,2839,586939626,ios
Tribune Media RON News App,2839,576468704,ios
Tribune Media RON News App,2839,324686068,ios
Tribune Media RON News App,2839,322874918,ios
Tribune Media RON News App,2839,324690258,ios
Tribune Media RON News App,2839,324711668,ios
Tribune Media RON News App,2839,334627011,ios
Tribune Media RON News App,2839,318424694,ios
Tribune Media RON News App,2839,587590968,ios
Tribune Media RON News App,2839,334634343,ios
Tribune Media RON News App,2839,339519512,ios
Tribune Media RON News App,2839,593652814,ios
Tribune Media RON News App,2839,640768578,ios
Tribune Media RON News App,2839,948396007,ios
Tribune Media RON News App,2839,587592629,ios
Tribune Media RON News App,2839,636514164,ios
Tribune Media RON News App,2839,593636323,ios
Tribune Media RON News App,2839,324152525,ios
Tribune Media RON News App,2839,593657931,ios
Tribune Media RON Weather App,5975,529599183,ios
Tribune Media RON Weather App,5975,379085746,ios
Tribune Media RON Weather App,5975,368497309,ios
Tribune Media RON Weather App,5975,1019860863,ios
Tribune Media RON Weather App,5975,366796676,ios
Tribune Media RON Weather App,5975,537265820,ios
Tribune Media RON Weather App,5975,368684456,ios
Tribune Media RON Weather App,5975,368497728,ios
Tribune Media RON Weather App,5975,368497281,ios
Tribune Media RON Weather App,5975,586932831,ios
Tribune Media RON Weather App,5975,368499632,ios
Tribune Media RON Weather App,5975,954369275,ios
Tribune Media RON Weather App,5975,368498225,ios
Tribune Media RON Weather App,5975,368499118,ios
Tribune Media RON Weather App,5975,988490233,ios
Tribune Media RON Weather App,5975,368499412,ios
Tribune Media RON Weather App,5975,962146621,ios
Tribune Media RON Weather App,5975,1015108378,ios
Tribune Media RON Weather App,5975,1004667816,ios
Trinity Mirror,2202,683329068,ios
Trinity Mirror,2202,684188027,ios
Trinity Mirror,2202,1066821187,ios
Trinity Mirror,2202,1163184394,ios
Trinity Mirror,2202,814335580,ios
Trinity Mirror,2202,662307361,ios
Trinity Mirror,2202,684268907,ios
Trinity Mirror,2202,360153138,ios
Trinity Mirror,2202,684274958,ios
Trinity Mirror,2202,587421154,ios
Trinity Mirror,2202,538338235,ios
Trinity Mirror,2202,1077368686,ios
Trinity Mirror,2202,662354161,ios
Trinity Mirror,2202,334456452,ios
Trinity Mirror,2202,683284483,ios
USA Today,4656,504631398,ios
USA Today,4656,983403042,ios
USAT - Gannett Network,2862,504631398,ios
Viber,4664,382617920,ios
Voici,5841,448347503,ios
Voici,5841,1039331890,ios
WBIR,5639,396524653,ios
WBIR,5639,467273272,ios
WCNC.com,5635,404244684,ios
WFAA,5637,662026528,ios
WFAA,5637,408264324,ios
WFMY Radar,5641,469397482,ios
WFMY2,5643,469397482,ios
WFMY2,5643,395749171,ios
WGRZ Buffalo,6197,469738487,ios
WGRZ Buffalo,6197,378105869,ios
WHAS11 News,5647,498576143,ios
WHAS11 News,5647,408264345,ios
WKYC,5649,469396327,ios
WKYC,5649,415962807,ios
WLTX 19,5662,386966754,ios
WLTX 19,5662,469391887,ios
WTOL,6771,1453204117,ios
WUSA9 News,5659,374953419,ios
WUSA9 News,5659,434847893,ios
WVEC13News Now,5681,408264528,ios
WWL TV,5670,482811833,ios
WWL TV,5670,408265227,ios
WWL TV,5670,441527630,ios
WXIA Atlanta,6195,384677791,ios
WZZM 13,5663,391785222,ios
WZZM 13,5663,467461933,ios
Wallapop,5730,692753615,ios
Wallpapers & Backgrounds X,6357,466993271,ios
Weather Channel App,5885,295646461,ios
WeatherBug,2898,281940292,ios
Wetter Online,5869,545993260,ios
Wetter Online,5869,439839893,ios
Wetter Online,5869,407958409,ios
Whisper,4342,1194409606,ios
Whisper,4342,1194607323,ios
Whisper,4342,1194925013,ios
Whisper,4342,1193522154,ios
Whisper,4342,506141837,ios
Whisper,4342,1194883650,ios
Whisper,4342,1194550831,ios
Whisper,4342,1194879682,ios
Whisper,4342,1201737731,ios
Whisper,4342,1194885781,ios
Whisper,4342,999134850,ios
Whisper,4342,1194618867,ios
Whisper -The World Around You,5971,999134850,ios
Wirtualna Polska Media,6419,407293210,ios
Workout Inc,6266,1057121795,ios
Workout Inc,6266,1040802159,ios
Workout Inc,6266,1266124452,ios
Workout Inc,6266,1384801188,ios
Workout Inc,6266,466993271,ios
Workout Inc,6266,1289104241,ios
Workout Inc,6266,1229011116,ios
Workout Inc,6266,578210847,ios
Workout Inc,6266,1320720980,ios
Workout Inc,6266,427773943,ios
Workout Inc,6266,1334517235,ios
Workout Inc,6266,1262975389,ios
Workout Inc,6266,1290623602,ios
Workout Inc,6266,1217710137,ios
Workout Inc,6266,1040798228,ios
Workout Inc,6266,1213271592,ios
Workout Inc,6266,1395113751,ios
Workout Inc,6266,1286940927,ios
Workout Inc,6266,860332805,ios
Workout Inc,6266,1286620924,ios
Workout Inc,6266,674394902,ios
Workout Inc,6266,1208382835,ios
Workout Inc,6266,823305987,ios
Workout Inc,6266,1375850193,ios
Workout Inc,6266,682415372,ios
Workout Inc,6266,1352846796,ios
Workout Inc,6266,1157814546,ios
Workout Inc,6266,1382475299,ios
Workout Inc,6266,1085391302,ios
Workout Inc,6266,1314860446,ios
Workout Inc,6266,1188566416,ios
Workout Inc,6266,1241582948,ios
Workout Inc,6266,1111468381,ios
Workout Inc,6266,1301147396,ios
Workout Inc,6266,1324360713,ios
Workout Inc,6266,1334517091,ios
Workout Inc,6266,1334517590,ios
Workout Inc,6266,1445794286,ios
Workout Inc,6266,1371333487,ios
Workout Inc,6266,1334516177,ios
Workout Inc,6266,1108375300,ios
Workout Inc,6266,1352847126,ios
Workout Inc,6266,869170275,ios
Workout Inc,6266,839285684,ios
Workout Inc,6266,1156367082,ios
Workout Inc,6266,1141273700,ios
Workout Inc,6266,1321704891,ios
Workout Inc,6266,1354782768,ios
Workout Inc,6266,1382141225,ios
Workout Inc,6266,1387746573,ios
Wunderground App,5886,486154808,ios
Yoga For Beginners,6273,1382141225,ios
iFunny,6029,429610587,ios
iFunny,6029,412412148,ios
imgur,2875,639881495,ios
letgo,5066,986339882,ios
